,patchName,count,diffCount,editCount,subCount,addCount,annotationCount,haveTime,haveIndex,maxChangeLine,editTime,size
0,patch-2.6.0,43,3,4,4,10,0,True,False,10,2003-12-18 11:00:08,34410
1,patch-2.6.1,998,44,194,288,856,8,True,False,117,2004-01-09 15:00:25,4466134
2,patch-2.6.10,5384,312,1516,6184,12492,970,True,False,2572,2004-12-25 05:37:55,28276031
3,patch-2.6.11,5662,319,1807,8932,9829,722,True,False,1009,2005-03-02 15:39:33,22588418
4,patch-2.6.11.1,3,0,0,0,0,0,False,False,0,2005-03-05 01:27:15,1483
5,patch-2.6.11.10,65,8,22,27,50,0,True,False,34,2005-05-17 02:14:17,60884
6,patch-2.6.11.11,82,9,23,28,52,0,False,False,34,2005-05-27 13:51:21,75804
7,patch-2.6.11.12,93,13,31,35,68,0,False,False,34,2005-06-12 10:49:29,84064
8,patch-2.6.11.2,4,1,2,1,2,0,True,False,3,2005-03-13 13:16:32,2098
9,patch-2.6.11.3,21,2,3,1,3,0,True,False,3,2005-03-13 14:45:03,15543
10,patch-2.6.11.4,23,3,4,2,4,0,True,False,3,2005-03-16 08:09:56,16315
11,patch-2.6.11.5,31,3,4,2,4,0,True,False,3,2005-03-19 14:35:10,22246
12,patch-2.6.11.6,36,7,17,22,45,0,True,False,30,2005-03-26 11:28:57,29603
13,patch-2.6.11.7,47,8,20,25,48,0,True,False,30,2005-04-08 02:58:58,40740
14,patch-2.6.11.8,59,9,22,25,53,0,True,False,30,2005-04-30 09:43:34,51527
15,patch-2.6.11.9,62,8,22,27,50,0,True,False,34,2005-05-12 06:43:53,54940
16,patch-2.6.12.1,4,1,1,0,1,0,False,False,1,2005-06-23 03:38:25,3698
17,patch-2.6.12.2,11,1,1,0,1,0,False,False,1,2005-06-30 07:06:01,11946
18,patch-2.6.12.3,26,2,2,1,2,0,False,False,2,2005-07-16 05:34:46,30086
19,patch-2.6.12.4,39,3,3,1,3,0,False,False,2,2005-08-05 15:10:32,36963
20,patch-2.6.12.5,52,4,4,1,9,0,False,False,6,2005-08-15 08:21:59,47362
21,patch-2.6.12.6,58,4,4,1,9,0,False,False,6,2005-08-30 00:57:12,50947
22,patch-2.6.13.1,16,0,0,0,0,0,False,False,0,2005-09-10 10:44:30,12911
23,patch-2.6.2,2370,198,936,12617,7712,1016,True,False,5442,2004-02-04 11:45:45,12281798
24,patch-2.6.3,1906,78,301,1278,3208,159,True,False,1011,2004-02-18 12:00:15,11711864
25,patch-2.6.4,3185,202,665,12318,12138,545,True,False,1541,2004-03-11 10:56:23,12885227
26,patch-2.6.5,2261,155,618,2221,2915,122,True,False,535,2004-04-04 11:38:58,7302416
27,patch-2.6.6,2642,211,1437,8485,11972,727,True,False,2889,2004-05-10 10:33:50,13517686
28,patch-2.6.7,3772,350,1485,29902,19655,2255,True,False,2452,2004-06-16 13:21:10,17488250
29,patch-2.6.8,4604,308,1482,4482,9561,722,True,False,516,2004-08-14 13:39:58,19749435
30,patch-2.6.9,4712,397,2376,7330,16948,1071,True,False,1274,2004-10-19 05:57:32,17855327
31,patch-3.0.10,846,88,288,584,1105,72,False,False,192,2011-11-22 07:11:23,1240766
32,patch-3.0.100,2554,257,933,2044,3755,145,False,False,315,2013-10-14 06:12:28,4372702
33,patch-3.0.101,2557,257,935,2045,3758,145,False,False,315,2013-10-22 19:22:16,4375714
34,patch-3.0.11,881,98,314,646,1212,74,False,False,192,2011-11-27 20:29:19,1298645
35,patch-3.0.12,881,98,314,646,1212,74,False,False,192,2011-11-29 06:58:55,1297859
36,patch-3.0.13,937,105,328,675,1320,75,False,False,192,2011-12-10 01:17:04,1373867
37,patch-3.0.14,970,114,363,767,1449,79,False,False,192,2011-12-22 05:51:21,1433251
38,patch-3.0.15,969,114,363,767,1449,79,False,False,192,2012-01-04 03:00:36,1432765
39,patch-3.0.16,1026,117,368,791,1505,79,False,False,192,2012-01-07 08:30:31,1533668
40,patch-3.0.17,1053,121,380,812,1564,85,False,False,192,2012-01-13 04:20:05,1573115
41,patch-3.0.18,1126,126,413,969,1683,88,False,False,192,2012-01-26 09:34:22,1678607
42,patch-3.0.19,1152,128,430,1049,1780,88,False,False,192,2012-02-04 01:37:22,1746165
43,patch-3.0.20,1156,128,430,1049,1780,88,False,False,192,2012-02-07 02:04:20,1752618
44,patch-3.0.21,1204,130,429,1100,1822,88,False,False,247,2012-02-14 03:27:18,1850598
45,patch-3.0.22,1216,130,429,1100,1822,88,False,False,247,2012-02-21 06:09:39,1859205
46,patch-3.0.23,1265,131,448,1126,2079,114,False,False,289,2012-03-01 08:44:15,1949790
47,patch-3.0.24,1326,135,455,1130,2106,117,False,False,289,2012-03-13 02:08:17,2066426
48,patch-3.0.25,1346,137,465,1155,2169,117,False,False,289,2012-03-20 00:12:37,2100628
49,patch-3.0.26,1351,140,469,1156,2174,117,False,False,289,2012-03-24 05:05:30,2105997
50,patch-3.0.27,1422,149,502,1255,2355,120,False,False,289,2012-04-04 06:07:02,2228015
51,patch-3.0.28,1451,149,502,1255,2355,120,False,False,289,2012-04-14 00:55:29,2271515
52,patch-3.0.29,1478,149,502,1255,2355,120,False,False,289,2012-04-23 07:35:56,2332550
53,patch-3.0.30,1517,158,521,1285,2386,120,False,False,293,2012-04-28 00:59:35,2386528
54,patch-3.0.31,1543,161,538,1310,2476,117,False,False,293,2012-05-08 00:15:49,2435332
55,patch-3.0.32,1578,165,544,1318,2496,117,False,False,293,2012-05-22 01:50:39,2487551
56,patch-3.0.33,1603,166,555,1338,2516,117,False,False,293,2012-06-05 02:30:12,2536215
57,patch-3.0.34,1624,169,568,1370,2570,117,False,False,293,2012-06-10 01:33:41,2575520
58,patch-3.0.35,1641,172,574,1371,2590,121,False,False,293,2012-06-18 02:35:15,2598953
59,patch-3.0.36,1644,172,574,1371,2590,121,False,False,293,2012-06-23 02:41:40,2609690
60,patch-3.0.37,1673,177,593,1432,2698,121,False,False,293,2012-07-17 00:29:23,2662749
61,patch-3.0.38,1683,178,599,1446,2715,121,False,False,293,2012-07-20 03:26:59,2687936
62,patch-3.0.39,1703,182,605,1455,2733,121,False,False,293,2012-08-02 03:44:59,2760963
63,patch-3.0.40,1729,186,616,1470,2767,121,False,False,293,2012-08-09 23:44:08,2803455
64,patch-3.0.41,1760,188,623,1472,2775,122,False,False,293,2012-08-16 03:13:25,2858416
65,patch-3.0.42,1765,189,625,1473,2777,122,False,False,293,2012-08-27 07:47:48,2892656
66,patch-3.0.43,1787,190,641,1509,2847,123,False,False,293,2012-09-15 06:42:30,2928466
67,patch-3.0.44,1850,191,654,1518,2864,123,False,False,293,2012-10-03 01:33:46,3047477
68,patch-3.0.45,1863,191,658,1533,2874,123,False,False,293,2012-10-07 23:38:42,3070415
69,patch-3.0.46,1901,192,663,1538,2886,123,False,False,293,2012-10-13 05:10:48,3156048
70,patch-3.0.47,1931,200,683,1555,2930,123,False,False,293,2012-10-22 00:29:47,3202961
71,patch-3.0.48,1931,200,683,1555,2930,123,False,False,293,2012-10-22 23:43:46,3202725
72,patch-3.0.49,1941,200,682,1556,2930,123,False,False,293,2012-10-29 01:09:34,3241445
73,patch-3.0.5,559,57,168,328,593,15,False,False,80,2011-10-23 14:59:10,774121
74,patch-3.0.50,1956,202,685,1564,2940,124,False,False,293,2012-11-01 01:07:14,3265612
75,patch-3.0.51,1963,202,685,1564,2940,124,False,False,293,2012-11-05 16:53:29,3275337
76,patch-3.0.52,1989,206,701,1580,2969,130,False,False,293,2012-11-18 05:29:20,3335812
77,patch-3.0.53,2013,211,733,1602,3069,132,False,False,293,2012-11-27 04:21:36,3380149
78,patch-3.0.54,2036,211,733,1602,3069,132,False,False,293,2012-12-04 05:56:58,3409078
79,patch-3.0.55,2036,211,733,1602,3069,132,False,False,293,2012-12-06 10:49:10,3409311
80,patch-3.0.56,2041,211,733,1602,3069,132,False,False,293,2012-12-11 02:52:50,3414612
81,patch-3.0.57,2050,211,733,1602,3069,132,False,False,293,2012-12-18 03:08:38,3438738
82,patch-3.0.58,2075,214,741,1608,3103,132,False,False,293,2013-01-12 08:08:11,3485601
83,patch-3.0.59,2132,218,762,1635,3176,132,False,False,315,2013-01-18 00:57:59,3591218
84,patch-3.0.6,559,57,168,328,593,15,False,False,80,2011-10-23 15:51:12,774624
85,patch-3.0.60,2143,218,763,1635,3178,132,False,False,315,2013-01-22 03:57:17,3607858
86,patch-3.0.61,2150,218,763,1635,3178,132,False,False,315,2013-02-01 01:05:54,3623722
87,patch-3.0.62,2159,219,764,1635,3180,132,False,False,315,2013-02-04 11:32:17,3633646
88,patch-3.0.63,2164,219,765,1636,3184,132,False,False,315,2013-02-12 01:40:46,3655660
89,patch-3.0.64,2171,219,765,1636,3186,132,False,False,315,2013-02-15 03:13:08,3694534
90,patch-3.0.65,2173,219,765,1636,3186,132,False,False,315,2013-02-18 02:58:31,3696751
91,patch-3.0.66,2174,219,765,1636,3186,132,False,False,315,2013-02-22 02:09:16,3698011
92,patch-3.0.67,2215,225,775,1660,3240,132,False,False,315,2013-02-28 22:37:11,3756512
93,patch-3.0.68,2227,226,782,1668,3247,132,False,False,315,2013-03-04 06:16:41,3787606
94,patch-3.0.69,2241,226,783,1668,3256,132,False,False,315,2013-03-15 02:52:40,3800324
95,patch-3.0.7,587,58,169,328,595,15,False,False,80,2011-10-23 15:57:32,814531
96,patch-3.0.70,2251,227,786,1671,3267,132,False,False,315,2013-03-21 04:02:44,3808684
97,patch-3.0.71,2275,231,802,1744,3293,132,False,False,315,2013-03-29 03:18:01,3858967
98,patch-3.0.72,2312,231,829,1816,3418,142,False,False,315,2013-04-06 01:47:51,3935195
99,patch-3.0.73,2326,233,833,1826,3429,142,False,False,315,2013-04-13 01:43:07,3949201
100,patch-3.0.74,2334,233,833,1826,3429,142,False,False,315,2013-04-17 13:27:33,3965673
101,patch-3.0.75,2344,234,841,1833,3460,142,False,False,315,2013-04-26 13:16:58,3989854
102,patch-3.0.76,2357,234,841,1833,3460,142,False,False,315,2013-05-02 00:44:19,4020903
103,patch-3.0.77,2378,236,848,1849,3468,142,False,False,315,2013-05-08 12:14:39,4042184
104,patch-3.0.78,2382,237,849,1858,3468,142,False,False,315,2013-05-12 04:50:02,4051798
105,patch-3.0.79,2401,237,850,1859,3473,142,False,False,315,2013-05-20 01:51:05,4081128
106,patch-3.0.8,618,71,221,489,911,61,False,False,192,2011-10-25 13:14:35,857458
107,patch-3.0.80,2404,238,852,1864,3478,142,False,False,315,2013-05-25 02:16:12,4083577
108,patch-3.0.81,2419,243,861,1874,3524,142,False,False,315,2013-06-08 04:02:56,4103448
109,patch-3.0.82,2427,243,861,1874,3524,142,False,False,315,2013-06-14 00:45:31,4117597
110,patch-3.0.83,2430,245,864,1876,3531,142,False,False,315,2013-06-21 03:16:52,4123951
111,patch-3.0.84,2434,245,864,1876,3531,142,False,False,315,2013-06-28 01:46:45,4139205
112,patch-3.0.85,2438,246,872,1898,3579,142,False,False,315,2013-07-04 02:15:42,4147780
113,patch-3.0.86,2443,248,875,1901,3589,142,False,False,315,2013-07-14 01:44:49,4152329
114,patch-3.0.87,2449,249,883,1916,3608,142,False,False,315,2013-07-22 09:38:04,4163729
115,patch-3.0.88,2464,250,886,1917,3621,142,False,False,315,2013-07-29 07:33:45,4196970
116,patch-3.0.89,2474,250,889,1932,3631,145,False,False,315,2013-08-04 17:17:15,4224239
117,patch-3.0.9,823,87,287,584,1103,72,False,False,192,2011-11-12 04:44:41,1213712
118,patch-3.0.90,2479,251,890,1932,3632,145,False,False,315,2013-08-12 10:04:43,4239012
119,patch-3.0.91,2484,252,899,1992,3667,145,False,False,315,2013-08-15 14:07:10,4249642
120,patch-3.0.92,2491,252,899,1992,3667,145,False,False,315,2013-08-20 23:24:17,4259845
121,patch-3.0.93,2491,252,899,1992,3667,145,False,False,315,2013-08-21 01:28:10,4264261
122,patch-3.0.94,2498,253,901,1995,3669,145,False,False,315,2013-08-30 01:58:02,4271030
123,patch-3.0.95,2502,255,908,2008,3707,145,False,False,315,2013-09-08 13:32:27,4277543
124,patch-3.0.96,2512,255,908,2008,3707,145,False,False,315,2013-09-14 21:57:33,4290558
125,patch-3.0.97,2523,256,918,2021,3720,145,False,False,315,2013-09-27 08:01:36,4311885
126,patch-3.0.98,2526,256,918,2021,3726,145,False,False,315,2013-10-02 00:05:30,4319626
127,patch-3.0.99,2528,256,929,2036,3746,145,False,False,315,2013-10-05 22:06:21,4332943
128,patch-3.1.1,283,30,101,210,263,11,False,False,68,2011-11-12 04:44:15,403839
129,patch-3.1.10,693,69,210,450,740,34,False,False,97,2012-01-18 23:42:05,936879
130,patch-3.1.2,316,31,102,210,265,11,False,False,68,2011-11-22 07:11:09,433619
131,patch-3.1.3,367,38,109,213,303,11,False,False,68,2011-11-27 21:29:32,497733
132,patch-3.1.4,367,38,109,213,303,11,False,False,68,2011-11-29 06:59:15,496947
133,patch-3.1.5,478,48,140,282,425,15,False,False,68,2011-12-10 01:21:49,645570
134,patch-3.1.6,527,59,175,346,556,18,False,False,71,2011-12-22 05:51:26,717675
135,patch-3.1.7,526,59,175,346,556,18,False,False,71,2012-01-04 03:00:29,717189
136,patch-3.1.8,613,61,178,351,574,18,False,False,71,2012-01-07 08:31:41,830105
137,patch-3.1.9,651,66,191,372,635,24,False,False,71,2012-01-13 04:21:00,874824
138,patch-3.10.1,25,5,6,19,26,0,False,False,23,2013-07-14 02:51:35,16388
139,patch-3.10.10,632,52,106,284,362,5,False,False,99,2013-08-30 01:58:33,842749
140,patch-3.10.100,3512,276,1073,2349,4298,141,False,False,342,2016-03-10 07:44:27,5860382
141,patch-3.10.101,3526,280,1085,2367,4400,141,False,False,342,2016-03-16 23:50:00,5895586
142,patch-3.10.102,3589,282,1104,2396,4530,158,False,False,342,2016-06-13 22:43:44,6019030
143,patch-3.10.103,3654,283,1138,2439,4723,161,False,False,342,2016-08-29 02:13:59,6213848
144,patch-3.10.104,3659,283,1138,2439,4723,161,False,False,342,2016-10-21 18:30:39,6225796
145,patch-3.10.105,3799,288,1195,2551,4907,169,False,False,342,2017-02-10 18:54:29,6537849
146,patch-3.10.106,3910,303,1235,2728,5054,177,False,False,342,2017-06-16 02:50:38,6778167
147,patch-3.10.107,4016,314,1311,2799,5348,174,False,False,342,2017-06-27 18:08:51,7014320
148,patch-3.10.108,4070,316,1327,2846,5389,174,False,False,342,2017-11-05 15:13:22,7111877
149,patch-3.10.11,668,53,112,292,385,5,False,False,99,2013-09-08 13:32:56,876866
150,patch-3.10.12,708,53,112,292,385,5,False,False,99,2013-09-14 22:01:44,920274
151,patch-3.10.13,811,62,139,438,556,5,False,False,148,2013-09-27 08:23:58,1042872
152,patch-3.10.14,851,65,179,574,765,43,False,False,342,2013-10-02 00:26:13,1125871
153,patch-3.10.15,892,66,181,576,768,43,False,False,342,2013-10-05 22:16:51,1176674
154,patch-3.10.16,984,72,212,616,837,43,False,False,342,2013-10-14 07:16:56,1307496
155,patch-3.10.17,1029,77,217,625,853,43,False,False,342,2013-10-19 01:46:46,1423600
156,patch-3.10.18,1069,77,217,625,853,43,False,False,342,2013-11-04 20:44:39,1488673
157,patch-3.10.19,1120,80,222,628,858,43,False,False,342,2013-11-13 11:10:56,1568905
158,patch-3.10.2,106,25,47,83,137,0,False,False,35,2013-07-22 09:38:06,97050
159,patch-3.10.20,1134,80,222,628,858,43,False,False,342,2013-11-21 04:46:58,1602260
160,patch-3.10.21,1190,83,229,647,895,49,False,False,342,2013-11-30 04:11:28,1686398
161,patch-3.10.22,1343,86,232,650,903,49,False,False,342,2013-12-05 03:49:41,1912686
162,patch-3.10.23,1412,88,237,654,915,49,False,False,342,2013-12-09 01:17:41,2026955
163,patch-3.10.24,1466,89,242,676,942,49,False,False,342,2013-12-12 14:46:15,2086856
164,patch-3.10.25,1519,95,264,707,997,49,False,False,342,2013-12-20 23:59:43,2160906
165,patch-3.10.26,1595,103,310,783,1165,51,False,False,342,2014-01-10 04:55:58,2278575
166,patch-3.10.27,1625,103,310,783,1165,51,False,False,342,2014-01-16 07:43:33,2334104
167,patch-3.10.28,1641,105,315,795,1201,51,False,False,342,2014-01-26 01:25:15,2356039
168,patch-3.10.29,1702,106,318,800,1214,51,False,False,342,2014-02-07 03:50:58,2469674
169,patch-3.10.3,203,25,47,83,137,0,False,False,35,2013-07-26 06:21:04,230581
170,patch-3.10.30,1752,113,344,871,1345,52,False,False,342,2014-02-14 06:05:56,2572319
171,patch-3.10.31,1766,114,346,874,1350,52,False,False,342,2014-02-21 03:18:34,2595529
172,patch-3.10.32,1798,118,363,907,1460,52,False,False,342,2014-02-23 05:37:21,2650765
173,patch-3.10.33,1869,123,381,949,1561,53,False,False,342,2014-03-07 14:09:23,2768333
174,patch-3.10.34,1919,129,392,974,1597,53,False,False,342,2014-03-24 12:53:50,2851246
175,patch-3.10.35,1930,129,392,974,1597,53,False,False,342,2014-04-01 01:08:57,2876423
176,patch-3.10.36,1940,130,395,981,1607,53,False,False,342,2014-04-04 06:12:53,2894027
177,patch-3.10.37,1959,130,395,981,1607,53,False,False,342,2014-04-15 02:57:27,2936572
178,patch-3.10.38,1972,134,410,999,1673,53,False,False,342,2014-04-27 08:22:55,2956231
179,patch-3.10.39,2045,141,430,1026,1724,55,False,False,342,2014-05-06 23:01:02,3042307
180,patch-3.10.4,275,28,55,93,191,0,False,False,40,2013-07-29 07:54:33,330929
181,patch-3.10.40,2079,143,432,1030,1728,55,False,False,342,2014-05-13 20:03:50,3107985
182,patch-3.10.41,2114,145,437,1051,1737,55,False,False,342,2014-06-01 03:45:43,3211965
183,patch-3.10.42,2182,147,447,1070,1776,55,False,False,342,2014-06-08 04:52:24,3328460
184,patch-3.10.43,2203,147,447,1070,1776,55,False,False,342,2014-06-12 03:33:30,3369984
185,patch-3.10.44,2214,148,455,1082,1793,57,False,False,342,2014-06-17 04:53:11,3392923
186,patch-3.10.45,2245,148,455,1082,1793,57,False,False,342,2014-06-27 12:19:48,3468998
187,patch-3.10.46,2281,153,480,1123,1875,61,False,False,342,2014-07-01 11:13:26,3542938
188,patch-3.10.47,2304,158,495,1172,1907,61,False,False,342,2014-07-07 09:59:00,3582881
189,patch-3.10.48,2323,160,502,1188,1940,61,False,False,342,2014-07-10 02:25:12,3625807
190,patch-3.10.49,2348,160,508,1201,1955,61,False,False,342,2014-07-18 07:24:33,3672796
191,patch-3.10.5,376,32,64,111,218,3,False,False,40,2013-08-04 17:28:39,491839
192,patch-3.10.50,2369,160,511,1205,1971,61,False,False,342,2014-07-29 01:00:50,3717241
193,patch-3.10.51,2382,161,512,1206,1972,61,False,False,342,2014-08-01 06:07:13,3736419
194,patch-3.10.52,2399,161,512,1206,1972,61,False,False,342,2014-08-08 05:47:35,3778885
195,patch-3.10.53,2415,161,512,1206,1972,61,False,False,342,2014-08-14 10:53:16,3806642
196,patch-3.10.54,2449,167,536,1240,2080,61,False,False,342,2014-09-06 07:43:18,3864731
197,patch-3.10.55,2501,175,565,1282,2242,73,False,False,342,2014-09-18 01:25:50,3968760
198,patch-3.10.56,2571,180,588,1332,2323,73,False,False,342,2014-10-06 07:16:30,4094845
199,patch-3.10.57,2576,181,590,1346,2344,78,False,False,342,2014-10-10 03:31:57,4113505
200,patch-3.10.58,2581,181,590,1346,2344,78,False,False,342,2014-10-15 14:40:14,4132128
201,patch-3.10.59,2601,184,603,1367,2380,78,False,False,342,2014-10-31 00:42:15,4168329
202,patch-3.10.6,480,34,67,111,234,3,False,False,40,2013-08-12 10:02:30,633374
203,patch-3.10.60,2673,193,647,1437,2497,85,False,False,342,2014-11-15 01:14:04,4294929
204,patch-3.10.61,2739,196,658,1448,2555,85,False,False,342,2014-11-22 03:04:07,4425925
205,patch-3.10.62,2763,196,664,1461,2581,85,False,False,342,2014-12-07 13:16:58,4468708
206,patch-3.10.63,2772,197,665,1461,2582,85,False,False,342,2014-12-17 01:44:42,4481506
207,patch-3.10.64,2791,203,690,1497,2688,86,False,False,342,2015-01-09 06:18:17,4518907
208,patch-3.10.65,2815,208,720,1536,2811,86,False,False,342,2015-01-16 23:50:34,4564654
209,patch-3.10.66,2837,209,724,1555,2834,87,False,False,342,2015-01-28 00:35:34,4608590
210,patch-3.10.67,2944,210,734,1562,2909,90,False,False,342,2015-01-30 09:55:55,4682912
211,patch-3.10.68,2956,210,743,1573,2980,92,False,False,342,2015-02-06 23:07:58,4741151
212,patch-3.10.69,2971,212,762,1584,3028,94,False,False,342,2015-02-11 15:17:22,4766438
213,patch-3.10.7,532,46,97,265,334,5,False,False,99,2013-08-15 14:08:33,708061
214,patch-3.10.70,2976,212,762,1584,3028,94,False,False,342,2015-02-27 10:00:01,4780909
215,patch-3.10.71,3008,218,771,1590,3051,94,False,False,342,2015-03-07 20:41:52,4824449
216,patch-3.10.72,3037,224,788,1654,3169,101,False,False,342,2015-03-18 22:12:42,4888803
217,patch-3.10.73,3054,224,790,1656,3175,101,False,False,342,2015-03-26 22:32:59,4937534
218,patch-3.10.74,3068,225,793,1665,3186,101,False,False,342,2015-04-13 20:13:13,4956352
219,patch-3.10.75,3083,225,795,1665,3203,101,False,False,342,2015-04-19 16:22:25,4975307
220,patch-3.10.76,3106,239,853,1781,3347,104,False,False,342,2015-04-29 16:40:50,5030699
221,patch-3.10.77,3152,239,863,1796,3377,104,False,False,342,2015-05-07 04:14:45,5085811
222,patch-3.10.78,3170,240,866,1796,3387,104,False,False,342,2015-05-13 20:30:42,5119574
223,patch-3.10.79,3182,240,867,1796,3400,104,False,False,342,2015-05-18 01:10:59,5139751
224,patch-3.10.8,582,49,102,275,344,5,False,False,99,2013-08-20 23:45:08,762611
225,patch-3.10.80,3198,242,872,1801,3408,104,False,False,342,2015-06-06 23:29:25,5170592
226,patch-3.10.81,3205,243,874,1802,3421,104,False,False,342,2015-06-23 08:19:35,5185379
227,patch-3.10.82,3207,243,883,1825,3453,104,False,False,342,2015-06-30 03:28:00,5192161
228,patch-3.10.83,3230,247,905,2082,3624,104,False,False,342,2015-07-04 11:14:18,5244203
229,patch-3.10.84,3234,247,906,2084,3626,104,False,False,342,2015-07-11 01:47:51,5253531
230,patch-3.10.85,3272,254,935,2121,3719,104,False,False,342,2015-08-04 01:51:04,5340913
231,patch-3.10.86,3279,254,936,2121,3722,104,False,False,342,2015-08-11 04:20:12,5355384
232,patch-3.10.87,3296,257,939,2131,3757,104,False,False,342,2015-08-17 14:00:47,5391164
233,patch-3.10.88,3300,257,939,2131,3757,104,False,False,342,2015-09-14 00:27:43,5399086
234,patch-3.10.89,3311,258,948,2132,3781,104,False,False,342,2015-09-22 01:04:13,5416796
235,patch-3.10.9,582,49,102,275,344,5,False,False,99,2013-08-21 06:45:11,763259
236,patch-3.10.90,3333,262,962,2167,3831,104,False,False,342,2015-10-01 18:11:27,5476579
237,patch-3.10.91,3358,262,973,2172,3886,111,False,False,342,2015-10-23 05:46:28,5529181
238,patch-3.10.92,3363,262,973,2172,3886,111,False,False,342,2015-10-27 08:53:24,5539897
239,patch-3.10.93,3369,262,973,2172,3886,111,False,False,342,2015-11-10 04:53:11,5554806
240,patch-3.10.94,3381,262,973,2172,3886,111,False,False,342,2015-12-10 03:03:50,5574715
241,patch-3.10.95,3388,262,979,2179,3915,111,False,False,342,2016-01-23 12:56:06,5604768
242,patch-3.10.96,3411,262,979,2179,3915,111,False,False,342,2016-01-29 13:57:56,5643450
243,patch-3.10.97,3431,264,995,2217,3991,131,False,False,342,2016-02-20 06:26:51,5711087
244,patch-3.10.98,3456,266,1025,2244,4075,138,False,False,342,2016-02-26 04:02:10,5759686
245,patch-3.10.99,3501,272,1050,2274,4159,141,False,False,342,2016-03-04 07:15:42,5828257
246,patch-3.11.1,19,0,0,0,0,0,False,False,0,2013-09-14 22:10:55,13415
247,patch-3.11.10,651,40,134,421,610,67,False,False,342,2013-11-30 02:47:01,851072
248,patch-3.11.2,144,12,32,206,265,23,False,False,263,2013-09-27 08:26:57,158521
249,patch-3.11.3,220,15,72,342,474,61,False,False,342,2013-10-02 00:45:12,275511
250,patch-3.11.4,274,17,74,344,477,61,False,False,342,2013-10-05 22:22:13,331235
251,patch-3.11.5,414,27,111,397,567,61,False,False,342,2013-10-14 09:49:18,504338
252,patch-3.11.6,453,29,114,399,571,61,False,False,342,2013-10-19 02:27:22,574317
253,patch-3.11.7,516,31,118,405,575,61,False,False,342,2013-11-04 20:47:39,655278
254,patch-3.11.8,601,39,131,418,589,61,False,False,342,2013-11-13 11:12:11,776205
255,patch-3.11.9,616,39,131,418,589,61,False,False,342,2013-11-21 04:46:57,806502
256,patch-3.12.1,22,0,0,0,0,0,False,False,0,2013-11-21 04:47:07,20631
257,patch-3.12.10,958,70,202,576,969,37,False,False,306,2014-02-07 03:51:05,1233431
258,patch-3.12.11,1052,79,230,653,1107,40,False,False,306,2014-02-14 06:13:00,1377486
259,patch-3.12.12,1075,82,240,667,1138,44,False,False,306,2014-02-21 03:19:07,1411001
260,patch-3.12.13,1127,88,258,700,1253,44,False,False,306,2014-02-23 05:51:03,1479605
261,patch-3.12.14,1233,99,305,843,1687,48,False,False,395,2014-03-11 01:05:20,1654495
262,patch-3.12.15,1347,105,338,915,1815,49,False,False,395,2014-03-26 20:12:27,1884145
263,patch-3.12.16,1382,106,342,920,1821,49,False,False,395,2014-04-03 00:50:59,1944730
264,patch-3.12.17,1413,115,375,963,1966,49,False,False,395,2014-04-08 00:55:13,1999756
265,patch-3.12.18,1454,116,381,969,1990,49,False,False,395,2014-04-24 08:53:48,2091110
266,patch-3.12.19,1494,121,400,1004,2076,49,False,False,395,2014-05-09 15:12:24,2144026
267,patch-3.12.2,132,11,27,52,106,11,False,False,36,2013-11-30 03:32:38,144599
268,patch-3.12.20,1633,135,433,1093,2200,51,False,False,395,2014-05-16 21:12:38,2351849
269,patch-3.12.21,1693,141,458,1124,2377,58,False,False,395,2014-06-03 05:34:40,2483150
270,patch-3.12.22,1788,145,472,1150,2426,58,False,False,395,2014-06-11 23:22:11,2643531
271,patch-3.12.23,1855,146,483,1166,2447,60,False,False,395,2014-06-25 23:24:31,2759581
272,patch-3.12.24,1948,171,612,1575,3030,112,False,False,415,2014-07-05 00:42:42,2971157
273,patch-3.12.25,2066,179,640,1624,3110,112,False,False,412,2014-07-23 01:06:44,3150000
274,patch-3.12.26,2122,181,652,1633,3142,112,False,False,419,2014-08-02 01:01:33,3244734
275,patch-3.12.27,2194,181,658,1642,3188,112,False,False,419,2014-08-28 02:51:41,3392355
276,patch-3.12.28,2229,185,673,1673,3283,112,False,False,419,2014-09-07 12:10:16,3454724
277,patch-3.12.29,2309,198,747,1791,3585,125,False,False,425,2014-10-01 00:17:47,3623137
278,patch-3.12.3,356,21,45,105,173,11,False,False,40,2013-12-05 03:49:39,427938
279,patch-3.12.30,2355,208,788,1846,3651,126,False,False,425,2014-10-08 21:39:20,3853913
280,patch-3.12.31,2455,213,819,1927,3773,131,False,False,431,2014-10-24 16:49:37,4039449
281,patch-3.12.32,2542,217,859,2322,4134,140,False,False,622,2014-11-06 03:10:25,4263541
282,patch-3.12.33,2641,231,943,2469,4330,150,False,False,627,2014-11-22 03:04:14,4477180
283,patch-3.12.34,2710,244,978,2555,4518,168,False,False,627,2014-12-06 01:52:54,4611817
284,patch-3.12.35,2745,244,981,2573,4562,171,False,False,627,2014-12-11 08:21:14,4678874
285,patch-3.12.36,2783,250,1007,2618,4680,172,False,False,627,2015-01-14 23:31:56,4751400
286,patch-3.12.37,2974,265,1088,2739,4882,176,False,False,688,2015-01-31 09:45:16,5002482
287,patch-3.12.38,3018,271,1125,2783,5025,179,False,False,688,2015-02-20 13:33:59,5121718
288,patch-3.12.39,3125,282,1157,2859,5185,186,False,False,688,2015-03-19 20:24:18,5300863
289,patch-3.12.4,478,25,70,242,336,20,False,False,201,2013-12-09 01:18:11,581168
290,patch-3.12.40,3194,286,1171,2880,5230,187,False,False,688,2015-04-10 01:03:21,5491214
291,patch-3.12.41,3225,287,1176,2904,5286,187,False,False,688,2015-04-30 17:17:15,5570056
292,patch-3.12.42,3259,287,1176,2904,5286,187,False,False,688,2015-05-05 06:04:31,5645024
293,patch-3.12.43,3361,289,1209,2990,5458,188,False,False,688,2015-05-21 12:32:55,5815834
294,patch-3.12.44,3410,291,1226,3040,5554,188,False,False,688,2015-06-15 23:58:38,5916179
295,patch-3.12.45,3462,296,1260,3368,5753,191,False,False,699,2015-07-31 01:02:29,6054095
296,patch-3.12.46,3503,305,1297,3420,5877,191,False,False,699,2015-08-08 02:01:54,6161987
297,patch-3.12.47,3545,307,1302,3428,5910,191,False,False,702,2015-08-28 21:53:55,6261132
298,patch-3.12.48,3559,310,1309,3441,6020,202,False,False,702,2015-09-18 22:58:33,6301409
299,patch-3.12.49,3610,314,1340,3477,6143,209,False,False,709,2015-10-08 01:05:30,6407238
300,patch-3.12.5,550,26,75,264,363,20,False,False,201,2013-12-12 14:46:24,658117
301,patch-3.12.50,3676,315,1355,3491,6249,221,False,False,709,2015-11-04 01:43:06,6546009
302,patch-3.12.51,3701,315,1358,3495,6256,221,False,False,709,2015-11-28 10:44:07,6607294
303,patch-3.12.52,3732,315,1366,3507,6300,221,False,False,709,2016-01-10 02:17:53,6711960
304,patch-3.12.53,3751,316,1367,3508,6301,221,False,False,709,2016-01-28 01:49:38,6741763
305,patch-3.12.54,3778,316,1367,3508,6301,221,False,False,709,2016-02-16 01:13:10,6796614
306,patch-3.12.55,3837,325,1426,3602,6532,254,False,False,714,2016-02-27 01:56:46,6944580
307,patch-3.12.56,3884,331,1458,3659,6656,257,False,False,714,2016-03-09 10:16:03,7058099
308,patch-3.12.57,3916,339,1490,3741,6881,257,False,False,714,2016-03-19 01:43:21,7149560
309,patch-3.12.58,3959,343,1513,3774,6975,263,False,False,714,2016-04-13 23:20:33,7248713
310,patch-3.12.59,3984,345,1529,3785,7090,282,False,False,714,2016-04-28 00:06:49,7330114
311,patch-3.12.6,651,42,117,410,546,32,False,False,201,2013-12-21 00:04:47,796620
312,patch-3.12.60,4023,345,1531,3789,7096,282,False,False,714,2016-05-24 05:25:07,7400267
313,patch-3.12.61,4042,346,1548,3818,7176,282,False,False,714,2016-06-20 23:44:21,7447562
314,patch-3.12.62,4074,346,1556,3822,7216,282,False,False,718,2016-07-22 03:45:11,7569953
315,patch-3.12.63,4113,347,1578,3856,7362,282,False,False,718,2016-09-06 22:40:34,7662434
316,patch-3.12.64,4169,348,1601,3914,7456,282,False,False,719,2016-10-03 20:58:33,7777321
317,patch-3.12.65,4219,349,1611,3931,7506,282,False,False,719,2016-10-19 19:49:20,7844524
318,patch-3.12.66,4221,349,1611,3931,7506,282,False,False,719,2016-10-21 15:30:47,7849964
319,patch-3.12.67,4251,351,1658,4052,7653,309,False,False,719,2016-11-10 15:01:43,7934837
320,patch-3.12.68,4292,352,1666,4062,7688,309,False,False,719,2016-11-30 00:43:16,8058413
321,patch-3.12.69,4302,352,1666,4062,7688,309,False,False,719,2016-12-18 16:06:27,8081423
322,patch-3.12.7,776,61,180,547,832,37,False,False,306,2014-01-10 04:56:00,962880
323,patch-3.12.70,4397,374,1747,4208,8050,316,False,False,726,2017-02-01 20:38:47,8270887
324,patch-3.12.71,4431,375,1760,4294,8104,318,False,False,726,2017-03-10 04:36:40,8372407
325,patch-3.12.72,4458,376,1772,4307,8137,318,False,False,726,2017-03-17 09:45:30,8430866
326,patch-3.12.73,4506,378,1781,4315,8089,306,False,False,726,2017-04-14 02:39:18,8546896
327,patch-3.12.74,4533,379,1789,4321,8159,314,False,False,726,2017-05-09 22:17:43,8632896
328,patch-3.12.8,835,61,180,547,832,37,False,False,306,2014-01-16 07:47:01,1043777
329,patch-3.12.9,852,64,186,560,869,37,False,False,306,2014-01-26 01:25:35,1065645
330,patch-3.13,9850,483,2545,9958,15018,1007,False,True,955,2014-01-20 10:59:10,32513055
331,patch-3.13.1,10,1,2,1,15,0,False,False,16,2014-01-29 21:09:53,8164
332,patch-3.13.10,840,65,192,467,1070,14,False,False,387,2014-04-15 02:50:53,1158556
333,patch-3.13.11,869,71,211,499,1149,14,False,False,387,2014-04-23 07:55:58,1191939
334,patch-3.13.2,164,10,22,26,124,0,False,False,66,2014-02-07 03:57:26,205717
335,patch-3.13.3,304,20,50,103,262,3,False,False,66,2014-02-14 06:13:59,379615
336,patch-3.13.4,344,23,60,117,293,7,False,False,66,2014-02-21 03:18:47,427656
337,patch-3.13.5,441,32,78,150,408,7,False,False,66,2014-02-23 06:03:31,529337
338,patch-3.13.6,619,51,118,234,557,10,False,False,66,2014-03-07 14:15:34,761107
339,patch-3.13.7,732,59,150,355,898,13,False,False,387,2014-03-24 12:59:08,943037
340,patch-3.13.8,772,61,161,365,911,14,False,False,387,2014-04-01 01:09:13,1032987
341,patch-3.13.9,790,65,192,467,1070,14,False,False,387,2014-04-04 06:12:35,1071896
342,patch-3.14.1,33,0,0,0,0,0,False,False,0,2014-04-15 02:44:04,37902
343,patch-3.14.10,925,75,199,453,824,17,False,False,198,2014-07-01 11:16:16,1238561
344,patch-3.14.11,966,84,217,479,876,17,False,False,198,2014-07-07 10:01:46,1292635
345,patch-3.14.12,1055,87,232,500,942,17,False,False,198,2014-07-10 02:25:16,1396163
346,patch-3.14.13,1095,91,240,517,961,17,False,False,198,2014-07-18 07:29:00,1458512
347,patch-3.14.14,1155,94,250,524,990,17,False,False,198,2014-07-29 01:01:50,1541884
348,patch-3.14.15,1171,96,254,528,1038,17,False,False,198,2014-08-01 06:09:58,1564543
349,patch-3.14.16,1206,96,254,528,1038,17,False,False,198,2014-08-08 07:54:41,1616648
350,patch-3.14.17,1246,98,257,534,1051,27,False,False,198,2014-08-14 10:54:09,1671599
351,patch-3.14.18,1318,110,320,627,1299,28,False,False,198,2014-09-06 07:43:32,1779666
352,patch-3.14.19,1400,121,370,708,1541,40,False,False,199,2014-09-18 01:28:30,1928108
353,patch-3.14.2,69,12,25,40,95,0,False,False,40,2014-04-27 08:26:38,77699
354,patch-3.14.20,1545,127,397,773,1703,51,False,False,262,2014-10-06 05:58:25,2152879
355,patch-3.14.21,1573,129,418,798,1763,56,False,False,262,2014-10-10 03:32:01,2230779
356,patch-3.14.22,1596,129,418,798,1763,56,False,False,262,2014-10-15 14:47:12,2282402
357,patch-3.14.23,1674,135,449,861,1900,56,False,False,262,2014-10-31 00:46:01,2447342
358,patch-3.14.24,1802,152,534,1007,2095,66,False,False,262,2014-11-15 01:23:29,2663779
359,patch-3.14.25,1892,164,558,1063,2192,66,False,False,262,2014-11-22 03:03:49,2889270
360,patch-3.14.26,1941,166,568,1091,2245,69,False,False,283,2014-12-07 13:16:52,2966850
361,patch-3.14.27,1953,166,568,1091,2245,69,False,False,283,2014-12-17 01:48:23,2991407
362,patch-3.14.28,1994,173,594,1127,2353,70,False,False,283,2015-01-09 02:11:58,3043046
363,patch-3.14.29,2048,180,635,1184,2524,71,False,False,283,2015-01-17 00:48:27,3124204
364,patch-3.14.3,253,33,67,184,322,3,False,False,198,2014-05-06 23:04:37,279247
365,patch-3.14.30,2102,182,640,1204,2548,72,False,False,283,2015-01-28 00:39:32,3244562
366,patch-3.14.31,2233,189,666,1252,2593,73,False,False,283,2015-01-30 09:52:44,3405659
367,patch-3.14.32,2241,189,671,1259,2609,73,False,False,283,2015-02-06 23:08:35,3432231
368,patch-3.14.33,2261,192,693,1271,2662,75,False,False,283,2015-02-11 15:41:53,3460762
369,patch-3.14.34,2269,192,693,1271,2662,75,False,False,283,2015-02-27 09:59:52,3476676
370,patch-3.14.35,2322,201,708,1293,2713,75,False,False,283,2015-03-07 20:58:36,3536295
371,patch-3.14.36,2373,206,726,1358,2832,82,False,False,283,2015-03-18 22:12:30,3645418
372,patch-3.14.37,2407,206,729,1360,2841,82,False,False,283,2015-03-26 22:33:09,3730065
373,patch-3.14.38,2433,207,732,1369,2852,82,False,False,283,2015-04-13 20:13:22,3762190
374,patch-3.14.39,2456,208,736,1378,2864,82,False,False,286,2015-04-19 16:22:16,3793063
375,patch-3.14.4,340,36,82,241,393,3,False,False,198,2014-05-13 19:36:43,399427
376,patch-3.14.40,2510,218,786,1458,2967,85,False,False,286,2015-04-29 16:37:54,3872547
377,patch-3.14.41,2582,219,805,1516,3088,86,False,False,286,2015-05-07 05:06:01,3981083
378,patch-3.14.42,2603,219,808,1516,3098,86,False,False,286,2015-05-13 20:43:41,4019590
379,patch-3.14.43,2653,219,811,1529,3131,86,False,False,286,2015-05-18 01:13:44,4096205
380,patch-3.14.44,2685,222,827,1552,3179,86,False,False,286,2015-06-06 23:29:46,4145883
381,patch-3.14.45,2704,223,829,1553,3192,86,False,False,286,2015-06-23 08:19:36,4177232
382,patch-3.14.46,2712,224,838,1576,3224,86,False,False,286,2015-06-30 03:36:36,4195978
383,patch-3.14.47,2724,226,849,1645,3338,86,False,False,286,2015-07-04 11:14:10,4235379
384,patch-3.14.48,2735,226,851,1660,3346,86,False,False,286,2015-07-11 01:53:26,4260196
385,patch-3.14.49,2797,235,887,1709,3462,89,False,False,286,2015-08-04 00:57:44,4381260
386,patch-3.14.5,491,47,107,272,570,10,False,False,198,2014-06-01 05:05:13,588897
387,patch-3.14.50,2808,235,888,1709,3465,89,False,False,286,2015-08-11 04:20:31,4398764
388,patch-3.14.51,2832,238,900,1933,3601,89,False,False,424,2015-08-17 14:00:40,4452577
389,patch-3.14.52,2841,238,900,1933,3601,89,False,False,424,2015-09-14 00:31:58,4469169
390,patch-3.14.53,2859,239,909,1934,3625,89,False,False,424,2015-09-22 01:14:20,4496059
391,patch-3.14.54,2901,242,924,1944,3692,89,False,False,424,2015-10-01 17:43:41,4602532
392,patch-3.14.55,2939,243,944,1956,3830,108,False,False,431,2015-10-23 05:46:46,4689523
393,patch-3.14.56,2948,243,947,1961,3833,108,False,False,431,2015-10-27 09:00:39,4710067
394,patch-3.14.57,2958,243,947,1961,3833,108,False,False,431,2015-11-10 05:11:16,4733380
395,patch-3.14.58,2977,243,947,1961,3833,108,False,False,431,2015-12-10 03:03:31,4760628
396,patch-3.14.59,2993,243,956,1973,3877,108,False,False,431,2016-01-23 13:01:21,4798114
397,patch-3.14.6,700,59,141,366,648,10,False,False,198,2014-06-08 04:29:59,895615
398,patch-3.14.60,3022,243,956,1973,3877,108,False,False,431,2016-01-29 14:04:09,4845138
399,patch-3.14.61,3052,247,977,2035,3988,128,False,False,431,2016-02-18 04:38:53,4926177
400,patch-3.14.62,3083,251,1013,2064,4088,135,False,False,431,2016-02-26 04:05:04,4984258
401,patch-3.14.63,3150,257,1040,2123,4264,144,False,False,548,2016-03-04 07:15:40,5100139
402,patch-3.14.64,3173,262,1065,2211,4423,144,False,False,548,2016-03-10 07:44:31,5182920
403,patch-3.14.65,3189,266,1077,2229,4525,144,False,False,548,2016-03-17 00:13:06,5219094
404,patch-3.14.66,3226,268,1090,2252,4600,145,False,False,548,2016-04-13 00:18:33,5284897
405,patch-3.14.67,3239,269,1096,2256,4655,161,False,False,548,2016-04-20 15:01:08,5310733
406,patch-3.14.68,3262,269,1098,2259,4658,161,False,False,548,2016-05-05 05:59:53,5345299
407,patch-3.14.69,3278,269,1099,2260,4660,161,False,False,548,2016-05-11 23:03:36,5364850
408,patch-3.14.7,759,60,142,367,649,10,False,False,198,2014-06-12 03:33:34,977779
409,patch-3.14.70,3285,269,1101,2263,4670,161,False,False,548,2016-05-19 09:40:03,5376476
410,patch-3.14.71,3293,272,1108,2278,4716,161,False,False,548,2016-06-02 03:37:57,5398124
411,patch-3.14.72,3302,272,1116,2292,4749,161,False,False,548,2016-06-08 08:26:43,5411362
412,patch-3.14.73,3311,273,1126,2298,4807,164,False,False,552,2016-06-25 01:23:47,5493311
413,patch-3.14.74,3333,277,1136,2336,4899,164,False,False,552,2016-07-28 01:04:34,5531782
414,patch-3.14.75,3337,277,1137,2336,4907,164,False,False,552,2016-08-10 16:25:28,5544555
415,patch-3.14.76,3350,277,1144,2358,4955,164,False,False,552,2016-08-17 05:02:18,5583629
416,patch-3.14.77,3366,278,1155,2369,5019,164,False,False,552,2016-08-20 17:59:32,5617584
417,patch-3.14.78,3386,279,1156,2370,5022,164,False,False,552,2016-09-07 14:37:28,5657536
418,patch-3.14.79,3391,279,1161,2371,5040,164,False,False,553,2016-09-11 16:06:13,5664021
419,patch-3.14.8,773,63,151,380,667,12,False,False,198,2014-06-17 04:55:15,996339
420,patch-3.14.9,838,63,151,380,667,12,False,False,198,2014-06-27 12:21:16,1098678
421,patch-3.15.1,14,5,10,14,21,2,False,False,11,2014-06-17 04:55:10,14178
422,patch-3.15.10,717,61,158,279,562,29,False,False,67,2014-08-14 10:53:38,844580
423,patch-3.15.2,72,5,10,14,21,2,False,False,11,2014-06-27 12:08:45,94967
424,patch-3.15.3,217,26,68,117,233,7,False,False,67,2014-07-01 11:19:12,281430
425,patch-3.15.4,284,37,87,144,286,7,False,False,67,2014-07-07 10:01:57,372206
426,patch-3.15.5,430,41,96,162,322,7,False,False,67,2014-07-10 02:38:06,503075
427,patch-3.15.6,497,51,128,227,446,19,False,False,67,2014-07-18 07:29:08,599993
428,patch-3.15.7,602,55,147,262,498,19,False,False,67,2014-07-29 01:03:37,719040
429,patch-3.15.8,632,58,154,270,547,19,False,False,67,2014-08-01 06:32:31,747569
430,patch-3.15.9,677,59,155,273,549,19,False,False,67,2014-08-08 07:57:24,804699
431,patch-3.16.1,20,0,0,0,0,0,False,False,0,2014-08-14 10:56:30,17219
432,patch-3.16.2,166,41,147,529,537,12,False,False,124,2014-09-06 08:10:15,221330
433,patch-3.16.3,319,70,244,755,965,30,False,False,129,2014-09-18 02:01:43,448696
434,patch-3.16.35,3373,328,1441,3516,6574,328,False,False,289,2016-05-02 04:31:25,5658949
435,patch-3.16.36,3430,336,1479,3675,6824,361,False,False,289,2016-06-16 10:29:30,5810487
436,patch-3.16.37,3579,348,1536,3877,7278,361,False,False,289,2016-08-23 21:26:36,6168373
437,patch-3.16.38,3579,348,1536,3877,7278,361,False,False,289,2016-10-21 15:35:24,6169862
438,patch-3.16.39,3772,396,1657,4128,7729,381,False,False,289,2016-11-20 17:56:49,6548091
439,patch-3.16.4,641,107,431,1452,1805,69,False,False,284,2014-10-06 04:45:48,920513
440,patch-3.16.40,3894,401,1728,4301,8030,416,False,False,289,2017-02-23 15:21:09,6854769
441,patch-3.16.41,3897,402,1737,4308,8095,417,False,False,289,2017-02-27 15:01:22,6868575
442,patch-3.16.42,4038,409,1792,4376,8236,418,False,False,289,2017-03-16 14:55:43,7203998
443,patch-3.16.43,4062,411,1801,4407,8258,418,False,False,289,2017-04-05 16:29:50,7264494
444,patch-3.16.44,4140,419,1868,4509,8513,440,False,False,355,2017-06-06 16:47:27,7474715
445,patch-3.16.45,4152,419,1870,4514,8514,440,False,False,355,2017-07-03 14:59:51,7505589
446,patch-3.16.46,4222,420,1885,4540,8663,445,False,False,355,2017-07-19 02:10:40,7705691
447,patch-3.16.47,4279,424,1912,4577,8798,445,False,False,360,2017-08-26 17:51:42,7823353
448,patch-3.16.48,4354,429,1979,4710,8985,445,False,False,385,2017-09-16 02:05:27,8036462
449,patch-3.16.49,4456,434,2038,4796,9293,463,False,False,385,2017-10-13 00:46:41,8265180
450,patch-3.16.5,663,108,435,1467,1829,74,False,False,284,2014-10-10 03:32:01,951425
451,patch-3.16.50,4596,437,2062,4844,9368,465,False,False,385,2017-11-13 16:20:41,8511298
452,patch-3.16.51,4657,441,2070,4853,9388,465,False,False,385,2017-11-27 00:20:50,8640767
453,patch-3.16.52,4732,447,2096,4890,9505,472,False,False,385,2018-01-02 19:54:31,8839298
454,patch-3.16.53,4771,447,2096,4890,9505,472,False,False,385,2018-01-09 16:45:37,8972316
455,patch-3.16.54,4826,453,2117,4929,9575,472,False,False,385,2018-02-14 20:17:50,9128124
456,patch-3.16.55,4894,454,2125,4942,9599,472,False,False,385,2018-03-04 21:56:02,9359711
457,patch-3.16.56,4926,454,2125,4942,9599,472,False,False,385,2018-03-20 04:08:30,9460944
458,patch-3.16.6,726,108,435,1467,1829,74,False,False,284,2014-10-15 18:31:54,1035016
459,patch-3.17,10605,532,2544,31006,36660,3622,False,True,3018,2014-10-06 03:39:27,54611412
460,patch-3.17.1,64,0,0,0,0,0,False,False,0,2014-10-15 18:34:43,38726
461,patch-3.17.2,233,27,59,135,284,3,False,False,93,2014-10-31 00:50:27,296142
462,patch-3.17.3,550,57,162,425,600,10,False,False,253,2014-11-15 02:50:28,698166
463,patch-3.17.4,694,64,181,471,678,10,False,False,253,2014-11-22 03:03:18,913595
464,patch-3.17.5,811,70,197,498,729,18,False,False,253,2014-12-07 13:28:59,1054786
465,patch-3.17.6,810,70,197,498,729,18,False,False,253,2014-12-08 03:54:59,1053389
466,patch-3.17.7,839,71,203,507,740,18,False,False,253,2014-12-17 01:53:19,1082649
467,patch-3.17.8,901,89,267,589,1018,20,False,False,253,2015-01-09 02:31:37,1171023
468,patch-3.18.1,43,16,48,70,70,3,False,False,80,2014-12-17 02:29:19,44662
469,patch-3.18.10,1033,100,291,609,1235,21,False,False,162,2015-03-25 06:17:45,1265355
470,patch-3.18.100,4166,353,1365,2893,6810,278,False,False,498,2018-03-18 21:22:29,7016938
471,patch-3.18.101,4196,355,1379,2916,6864,284,False,False,498,2018-03-22 16:43:38,7069026
472,patch-3.18.102,4224,355,1382,2921,6888,284,False,False,498,2018-03-25 15:44:57,7115720
473,patch-3.18.103,4249,357,1389,2997,6922,288,False,False,498,2018-04-08 17:54:42,7221183
474,patch-3.18.104,4249,357,1389,2997,6922,288,False,False,498,2018-04-10 15:07:03,7221359
475,patch-3.18.105,4306,357,1399,3012,6962,288,False,False,498,2018-04-14 04:21:20,7321882
476,patch-3.18.106,4332,359,1408,3040,7008,289,False,False,498,2018-04-24 15:33:33,7361172
477,patch-3.18.107,4339,360,1444,3134,7087,298,False,False,498,2018-04-29 13:50:40,7392573
478,patch-3.18.108,4344,360,1450,3137,7110,298,False,False,498,2018-05-02 23:19:46,7409407
479,patch-3.18.109,4352,360,1450,3137,7110,298,False,False,498,2018-05-16 16:09:52,7422661
480,patch-3.18.11,1107,101,294,611,1244,21,False,False,162,2015-04-05 02:24:39,1377421
481,patch-3.18.12,1160,102,297,620,1255,21,False,False,162,2015-04-23 00:13:21,1457945
482,patch-3.18.13,1259,109,316,693,1367,21,False,False,162,2015-05-07 05:23:25,1611115
483,patch-3.18.14,1451,122,364,803,1554,22,False,False,162,2015-05-21 13:05:51,1893557
484,patch-3.18.15,1583,134,402,891,1706,30,False,False,162,2015-06-14 11:30:01,2085600
485,patch-3.18.16,1583,134,402,891,1706,30,False,False,162,2015-06-15 00:47:52,2085666
486,patch-3.18.17,1777,135,405,899,1723,30,False,False,162,2015-06-30 03:13:25,2313809
487,patch-3.18.18,1912,141,433,920,1792,30,False,False,162,2015-07-11 01:48:32,2534954
488,patch-3.18.19,1942,152,481,1042,1983,30,False,False,203,2015-07-22 08:38:27,2586754
489,patch-3.18.2,137,41,112,150,335,5,False,False,82,2015-01-09 02:34:47,157154
490,patch-3.18.20,1973,158,495,1066,2021,30,False,False,203,2015-08-09 03:07:30,2637518
491,patch-3.18.21,2053,163,510,1131,2138,32,False,False,203,2015-09-02 12:19:59,2760555
492,patch-3.18.22,2089,163,510,1131,2138,32,False,False,203,2015-10-03 20:02:46,2836670
493,patch-3.18.23,2260,175,577,1253,2389,51,False,False,203,2015-10-30 10:30:17,3152546
494,patch-3.18.24,2260,175,577,1253,2389,51,False,False,203,2015-11-04 01:45:21,3152495
495,patch-3.18.25,2336,178,592,1294,2457,57,False,False,203,2015-12-16 09:33:37,3280267
496,patch-3.18.26,2359,181,618,1348,2692,82,False,False,207,2016-01-26 01:50:35,3327564
497,patch-3.18.27,2492,197,691,1533,2942,100,False,False,207,2016-02-16 13:44:33,3591438
498,patch-3.18.28,2534,201,708,1568,3040,103,False,False,207,2016-03-06 03:49:27,3743070
499,patch-3.18.29,2565,208,733,1670,3176,103,False,False,207,2016-03-18 04:45:33,3854129
500,patch-3.18.3,281,53,154,200,499,6,False,False,82,2015-01-17 01:25:19,312645
501,patch-3.18.30,2575,209,735,1671,3180,103,False,False,207,2016-04-06 18:25:05,3871117
502,patch-3.18.31,2683,221,792,1744,3450,106,False,False,207,2016-04-20 15:06:56,4071432
503,patch-3.18.32,2702,222,804,1764,3874,197,False,False,464,2016-04-28 00:07:34,4134791
504,patch-3.18.33,2707,222,804,1764,3874,197,False,False,464,2016-05-11 23:17:51,4141623
505,patch-3.18.34,2740,228,821,1845,4010,201,False,False,464,2016-05-24 05:28:50,4205280
506,patch-3.18.35,2788,237,857,1986,4348,201,False,False,464,2016-06-08 08:24:25,4334940
507,patch-3.18.36,2813,238,863,1990,4370,201,False,False,464,2016-06-23 12:59:44,4369011
508,patch-3.18.37,2977,259,934,2088,4648,204,False,False,464,2016-07-14 07:02:11,4695927
509,patch-3.18.38,2985,258,933,2087,4651,204,False,False,464,2016-07-31 00:04:05,4702572
510,patch-3.18.39,2995,258,937,2119,4681,204,False,False,464,2016-08-10 03:01:29,4731391
511,patch-3.18.4,461,57,160,215,513,7,False,False,82,2015-01-28 00:45:45,558482
512,patch-3.18.40,3036,265,982,2193,5093,212,False,False,464,2016-08-23 05:22:07,4842438
513,patch-3.18.41,3058,267,984,2195,5097,212,False,False,464,2016-09-05 14:26:52,4874450
514,patch-3.18.42,3065,268,997,2213,5171,212,False,False,464,2016-09-18 15:25:50,4889992
515,patch-3.18.43,3117,273,1021,2297,5316,218,False,False,466,2016-10-12 14:42:40,4977156
516,patch-3.18.44,3117,273,1021,2297,5316,218,False,False,466,2016-10-25 01:47:57,4981944
517,patch-3.18.45,3130,275,1032,2317,5334,218,False,False,486,2016-11-30 17:22:56,5015532
518,patch-3.18.46,3143,279,1038,2325,5346,218,False,False,486,2016-12-28 00:58:45,5037571
519,patch-3.18.47,3178,285,1067,2327,5405,218,False,False,489,2017-01-19 04:19:57,5088690
520,patch-3.18.48,3211,285,1067,2327,5405,218,False,False,489,2017-02-08 16:47:03,5123144
521,patch-3.18.49,3297,287,1073,2330,5427,218,False,False,489,2017-04-18 14:04:22,5385476
522,patch-3.18.5,634,58,162,231,518,7,False,False,82,2015-01-30 09:52:42,687786
523,patch-3.18.50,3353,288,1083,2338,5450,218,False,False,489,2017-04-22 13:19:54,5519373
524,patch-3.18.51,3387,291,1096,2361,5475,218,False,False,489,2017-04-30 11:55:47,5572329
525,patch-3.18.52,3441,308,1139,2476,5878,243,False,False,489,2017-05-08 13:57:24,5653233
526,patch-3.18.53,3462,308,1139,2476,5887,243,False,False,489,2017-05-16 19:26:23,5686785
527,patch-3.18.54,3477,310,1149,2487,5918,243,False,False,489,2017-05-20 20:29:29,5735928
528,patch-3.18.55,3507,310,1149,2487,5918,243,False,False,489,2017-05-25 22:57:20,5788042
529,patch-3.18.56,3524,313,1163,2522,5970,249,False,False,489,2017-06-07 18:11:05,5820580
530,patch-3.18.57,3545,314,1170,2569,5996,249,False,False,489,2017-06-14 21:13:38,5853186
531,patch-3.18.58,3569,316,1174,2581,6015,249,False,False,489,2017-06-28 23:24:40,5904509
532,patch-3.18.59,3576,316,1178,2586,6025,249,False,False,489,2017-06-29 19:07:02,5922149
533,patch-3.18.6,717,66,200,424,797,12,False,False,162,2015-02-06 23:08:36,823108
534,patch-3.18.60,3589,316,1178,2586,6025,249,False,False,489,2017-07-05 20:49:30,5944151
535,patch-3.18.61,3600,316,1178,2586,6025,249,False,False,489,2017-07-15 16:28:30,5957737
536,patch-3.18.62,3614,316,1179,2588,6028,249,False,False,489,2017-07-21 14:15:30,5976959
537,patch-3.18.63,3639,316,1185,2597,6040,249,False,False,489,2017-07-28 06:07:36,6019702
538,patch-3.18.64,3702,316,1201,2617,6119,249,False,False,489,2017-08-12 00:34:22,6117054
539,patch-3.18.65,3703,316,1201,2617,6119,249,False,False,489,2017-08-13 10:29:57,6120375
540,patch-3.18.66,3708,317,1203,2618,6121,249,False,False,489,2017-08-17 04:41:48,6127450
541,patch-3.18.67,3711,317,1203,2618,6121,249,False,False,489,2017-08-25 08:14:03,6134749
542,patch-3.18.68,3717,317,1210,2630,6137,250,False,False,489,2017-08-30 16:20:24,6150454
543,patch-3.18.69,3729,317,1210,2630,6137,250,False,False,489,2017-09-02 13:13:08,6178084
544,patch-3.18.7,755,70,217,432,846,14,False,False,162,2015-02-11 15:46:36,865765
545,patch-3.18.70,3734,319,1214,2645,6163,251,False,False,489,2017-09-07 14:35:29,6183002
546,patch-3.18.71,3744,321,1217,2646,6177,255,False,False,489,2017-09-14 05:09:43,6204677
547,patch-3.18.72,3760,322,1220,2650,6181,255,False,False,489,2017-09-27 17:00:14,6243486
548,patch-3.18.73,3769,323,1227,2658,6215,255,False,False,489,2017-10-05 15:42:54,6262120
549,patch-3.18.74,3795,326,1231,2682,6217,255,False,False,489,2017-10-08 16:29:59,6309718
550,patch-3.18.75,3804,327,1242,2715,6279,255,False,False,489,2017-10-12 15:52:55,6338404
551,patch-3.18.76,3808,328,1251,2718,6314,255,False,False,489,2017-10-18 15:20:48,6353954
552,patch-3.18.77,3817,330,1267,2730,6452,271,False,False,489,2017-10-21 23:09:51,6374430
553,patch-3.18.78,3824,331,1268,2730,6459,271,False,False,489,2017-10-27 16:24:11,6402178
554,patch-3.18.79,3830,334,1275,2741,6490,273,False,False,489,2017-11-02 16:39:33,6415057
555,patch-3.18.8,777,71,218,435,848,14,False,False,162,2015-02-27 10:00:02,886593
556,patch-3.18.80,3849,335,1282,2751,6515,273,False,False,489,2017-11-08 17:07:35,6442627
557,patch-3.18.81,3871,335,1282,2751,6515,273,False,False,489,2017-11-15 17:07:23,6468444
558,patch-3.18.82,3875,334,1280,2750,6511,273,False,False,489,2017-11-18 18:09:26,6482559
559,patch-3.18.83,3896,334,1280,2750,6511,273,False,False,489,2017-11-21 16:07:17,6515508
560,patch-3.18.84,3899,335,1283,2754,6519,273,False,False,489,2017-11-24 15:33:13,6524018
561,patch-3.18.85,3933,341,1302,2780,6588,273,False,False,489,2017-11-30 16:39:25,6575121
562,patch-3.18.86,3939,341,1306,2788,6597,273,False,False,489,2017-12-05 18:56:34,6586513
563,patch-3.18.87,3950,341,1307,2789,6597,273,False,False,489,2017-12-10 01:32:05,6600674
564,patch-3.18.88,3973,342,1309,2790,6601,273,False,False,489,2017-12-16 17:37:15,6640279
565,patch-3.18.89,4003,351,1335,2831,6689,277,False,False,489,2017-12-20 17:06:31,6683325
566,patch-3.18.9,915,90,267,537,1080,14,False,False,162,2015-03-07 21:23:50,1068389
567,patch-3.18.90,4020,351,1335,2831,6689,277,False,False,489,2017-12-25 21:24:08,6717399
568,patch-3.18.91,4026,351,1335,2831,6689,277,False,False,489,2018-01-03 03:53:16,6739887
569,patch-3.18.92,4034,351,1335,2831,6689,277,False,False,489,2018-01-17 16:44:07,6777082
570,patch-3.18.93,4052,353,1341,2836,6720,278,False,False,489,2018-01-31 21:48:56,6807304
571,patch-3.18.94,4071,353,1343,2839,6735,278,False,False,489,2018-02-08 05:21:50,6834169
572,patch-3.18.95,4095,353,1353,2874,6760,278,False,False,489,2018-02-17 20:24:07,6892657
573,patch-3.18.96,4133,353,1359,2876,6775,278,False,False,498,2018-02-25 18:59:31,6948632
574,patch-3.18.97,4136,353,1359,2876,6775,278,False,False,498,2018-02-28 17:19:06,6955443
575,patch-3.18.98,4145,353,1365,2893,6810,278,False,False,498,2018-03-04 21:55:20,6976698
576,patch-3.18.99,4155,353,1365,2893,6810,278,False,False,498,2018-03-11 23:21:07,6993286
577,patch-3.19,10739,441,2011,7014,11290,484,False,True,1107,2015-02-09 11:20:49,38521798
578,patch-3.19.1,192,27,55,111,241,0,False,False,93,2015-03-07 21:46:52,230011
579,patch-3.19.2,367,42,82,188,401,7,False,False,95,2015-03-18 22:10:29,464592
580,patch-3.19.3,479,44,87,193,413,7,False,False,95,2015-03-26 21:08:17,592729
581,patch-3.19.4,551,45,90,202,424,7,False,False,95,2015-04-13 20:13:33,696653
582,patch-3.19.5,639,53,109,275,536,7,False,False,105,2015-04-19 16:21:57,808109
583,patch-3.19.6,683,54,111,303,584,7,False,False,105,2015-04-29 16:34:59,857866
584,patch-3.19.7,846,69,153,358,696,8,False,False,105,2015-05-18 21:41:15,1060825
585,patch-3.19.8,851,69,153,358,696,8,False,False,105,2015-05-11 20:40:20,1066588
586,patch-3.2.1,63,10,26,49,142,8,False,True,78,2012-01-13 04:19:54,59315
587,patch-3.2.10,586,56,146,517,934,73,False,True,264,2012-03-13 04:31:31,806124
588,patch-3.2.100,4370,425,1891,4355,8781,416,False,True,443,2018-03-04 21:48:55,9192410
589,patch-3.2.101,4421,426,1898,4379,8796,416,False,True,443,2018-03-20 04:08:15,9344465
590,patch-3.2.11,585,56,146,517,934,73,False,True,264,2012-03-14 01:12:22,805393
591,patch-3.2.12,621,59,161,556,1054,73,False,True,264,2012-03-20 00:12:53,853508
592,patch-3.2.13,637,62,165,557,1059,73,False,True,264,2012-03-24 05:04:51,868643
593,patch-3.2.14,764,83,231,707,1318,77,False,True,264,2012-04-03 01:35:09,1061769
594,patch-3.2.15,811,84,233,709,1329,77,False,True,264,2012-04-14 00:55:10,1124721
595,patch-3.2.16,849,84,238,732,1329,77,False,True,264,2012-04-23 06:39:22,1185516
596,patch-3.2.17,965,101,280,795,1465,74,False,True,268,2012-05-12 06:46:22,1354885
597,patch-3.2.18,1000,103,283,799,1471,74,False,True,268,2012-05-21 21:19:27,1410280
598,patch-3.2.19,1072,108,300,836,1525,74,False,True,268,2012-06-05 02:54:34,1542494
599,patch-3.2.2,216,34,88,332,446,39,False,True,145,2012-01-26 08:51:45,276694
600,patch-3.2.20,1126,116,329,884,1617,74,False,True,268,2012-06-11 08:10:58,1625597
601,patch-3.2.21,1151,119,336,885,1638,78,False,True,268,2012-06-20 08:47:18,1690795
602,patch-3.2.22,1176,121,338,885,1642,78,False,True,268,2012-07-04 22:46:44,1728931
603,patch-3.2.23,1207,124,360,948,1741,78,False,True,268,2012-07-12 23:38:05,1781462
604,patch-3.2.24,1258,129,406,1071,1948,84,False,True,270,2012-07-26 08:10:02,1913076
605,patch-3.2.25,1297,134,431,1105,2042,93,False,True,270,2012-08-03 07:47:16,2038658
606,patch-3.2.26,1300,134,431,1105,2042,93,False,True,270,2012-08-06 00:58:34,2043873
607,patch-3.2.27,1340,137,442,1117,2063,94,False,True,270,2012-08-10 23:41:20,2138808
608,patch-3.2.28,1363,138,443,1118,2064,94,False,True,270,2012-08-20 11:56:16,2170578
609,patch-3.2.29,1404,144,469,1189,2164,95,False,True,270,2012-09-12 13:26:30,2333392
610,patch-3.2.3,319,43,111,417,578,39,False,True,145,2012-02-04 01:43:39,401832
611,patch-3.2.30,1494,147,488,1206,2225,95,False,True,273,2012-09-20 01:05:04,2502890
612,patch-3.2.31,1541,148,496,1212,2236,95,False,True,273,2012-10-10 14:43:07,2585373
613,patch-3.2.32,1620,157,538,1451,2546,97,False,True,273,2012-10-18 02:51:32,2766007
614,patch-3.2.33,1668,167,566,1491,2649,98,False,True,273,2012-10-31 11:05:10,2874392
615,patch-3.2.34,1718,173,602,1552,2745,104,False,True,313,2012-11-17 02:06:32,2988626
616,patch-3.2.35,1770,181,642,1605,2866,106,False,True,313,2012-12-07 00:39:09,3080855
617,patch-3.2.36,1856,187,663,1623,2935,106,False,True,334,2013-01-04 00:33:36,3259931
618,patch-3.2.37,1884,187,675,1632,2999,106,False,True,334,2013-01-16 12:33:05,3315088
619,patch-3.2.38,1951,189,679,1635,3034,106,False,True,334,2013-02-06 14:23:58,3442592
620,patch-3.2.39,1972,189,680,1636,3040,106,False,True,334,2013-02-20 12:07:53,3522194
621,patch-3.2.4,318,43,111,417,578,39,False,True,145,2012-02-04 04:48:06,400787
622,patch-3.2.40,2068,202,750,1807,3268,110,False,True,337,2013-03-06 12:46:56,3699804
623,patch-3.2.41,2110,207,763,1836,3343,110,False,True,337,2013-03-21 03:49:29,3777696
624,patch-3.2.42,2161,211,791,1920,3424,117,False,True,337,2013-03-27 12:13:49,3876927
625,patch-3.2.43,2188,216,814,1954,3484,117,False,True,352,2013-04-10 11:13:44,3945739
626,patch-3.2.44,2237,221,828,1962,3577,117,False,True,352,2013-04-26 12:34:04,4030792
627,patch-3.2.45,2282,224,844,2022,3669,124,False,True,352,2013-05-14 18:55:18,4131012
628,patch-3.2.46,2329,230,855,2046,3732,124,False,True,352,2013-05-31 19:47:15,4208040
629,patch-3.2.47,2366,233,864,2064,3772,124,False,True,352,2013-06-19 10:16:06,4297911
630,patch-3.2.48,2372,234,865,2073,3772,124,False,True,352,2013-06-30 01:04:00,4321078
631,patch-3.2.49,2404,242,891,2123,3871,124,False,True,352,2013-07-27 13:24:42,4405951
632,patch-3.2.5,322,43,111,417,578,39,False,True,145,2012-02-07 02:04:40,407240
633,patch-3.2.50,2445,244,900,2127,3899,124,False,True,352,2013-08-03 05:21:33,4476389
634,patch-3.2.51,2507,247,923,2165,3970,124,False,True,352,2013-09-10 21:49:35,4586680
635,patch-3.2.52,2581,250,953,2231,4049,125,False,True,352,2013-10-27 11:20:02,4750591
636,patch-3.2.53,2623,258,982,2328,4297,178,False,True,352,2013-11-29 02:44:46,4854733
637,patch-3.2.54,2715,262,987,2329,4317,182,False,True,366,2014-01-03 13:15:42,5038713
638,patch-3.2.55,2742,266,1012,2357,4390,184,False,True,374,2014-02-16 03:52:09,5110394
639,patch-3.2.56,2837,273,1056,2460,4636,185,False,True,374,2014-04-02 08:26:41,5310246
640,patch-3.2.57,2845,273,1060,2469,4676,185,False,True,374,2014-04-09 12:53:34,5335113
641,patch-3.2.58,2895,280,1083,2499,4763,185,False,True,395,2014-04-30 23:56:34,5436115
642,patch-3.2.59,2906,283,1090,2523,4780,185,False,True,395,2014-05-18 22:34:36,5473418
643,patch-3.2.6,383,45,110,468,620,39,False,True,221,2012-02-14 03:27:32,499270
644,patch-3.2.60,2940,285,1097,2539,4816,185,False,True,395,2014-06-09 21:40:14,5550006
645,patch-3.2.61,2988,288,1111,2569,4865,185,False,True,395,2014-07-12 08:19:31,5712873
646,patch-3.2.62,3017,290,1125,2594,4907,185,False,True,395,2014-08-07 02:27:31,5786198
647,patch-3.2.63,3092,294,1144,2631,5042,185,False,True,395,2014-09-14 08:13:22,5930282
648,patch-3.2.64,3118,297,1161,2678,5120,185,False,True,401,2014-11-06 05:11:33,6029879
649,patch-3.2.65,3174,303,1197,2761,5266,192,False,True,403,2014-12-15 02:35:36,6180500
650,patch-3.2.66,3197,314,1252,2886,5420,200,False,True,403,2015-01-01 11:15:27,6238191
651,patch-3.2.67,3333,320,1300,2960,5639,202,False,True,403,2015-02-20 14:13:22,6419017
652,patch-3.2.68,3346,322,1314,2967,5683,204,False,True,403,2015-03-07 02:27:13,6450137
653,patch-3.2.69,3420,328,1348,3075,5934,211,False,True,403,2015-05-10 12:39:11,6622996
654,patch-3.2.7,405,47,114,480,633,44,False,True,221,2012-02-21 06:08:07,526940
655,patch-3.2.70,3498,332,1381,3142,6074,212,False,True,412,2015-08-07 09:24:44,6782849
656,patch-3.2.71,3530,335,1406,3319,6395,264,False,True,419,2015-08-15 02:25:07,6873001
657,patch-3.2.72,3584,346,1458,3401,6640,283,False,True,419,2015-10-13 23:56:04,7015953
658,patch-3.2.73,3594,346,1461,3439,6641,283,False,True,419,2015-11-18 06:00:50,7057435
659,patch-3.2.74,3612,350,1491,3561,7038,311,False,True,419,2015-11-28 10:36:08,7105106
660,patch-3.2.75,3637,354,1507,3605,7111,331,False,True,419,2015-12-31 11:35:07,7187190
661,patch-3.2.76,3653,355,1513,3608,7123,331,False,True,419,2016-01-23 13:07:05,7242411
662,patch-3.2.77,3687,356,1547,3673,7261,335,False,True,419,2016-02-14 06:17:56,7321372
663,patch-3.2.78,3708,359,1561,3678,7327,338,False,True,419,2016-02-28 13:07:08,7404240
664,patch-3.2.79,3733,362,1575,3722,7414,342,False,True,419,2016-04-01 11:14:07,7454943
665,patch-3.2.8,413,47,114,480,633,44,False,True,221,2012-02-28 02:59:48,546268
666,patch-3.2.80,3765,364,1591,3746,7498,343,False,True,419,2016-05-02 04:47:08,7568188
667,patch-3.2.81,3783,364,1595,3750,7515,343,False,True,419,2016-06-16 10:29:36,7598986
668,patch-3.2.82,3814,365,1618,3848,7715,343,False,True,419,2016-08-23 21:25:52,7688680
669,patch-3.2.83,3814,365,1618,3848,7715,343,False,True,419,2016-10-21 15:34:16,7691376
670,patch-3.2.84,3907,398,1717,4061,8020,361,False,True,423,2016-11-20 17:56:59,7845581
671,patch-3.2.85,3940,399,1727,4083,8121,370,False,True,423,2017-02-23 15:19:37,7952287
672,patch-3.2.86,3942,399,1727,4083,8121,370,False,True,423,2017-02-27 15:01:12,7955315
673,patch-3.2.87,4001,403,1745,4117,8167,371,False,True,423,2017-03-16 15:02:18,8117907
674,patch-3.2.88,4002,403,1745,4117,8167,371,False,True,423,2017-04-05 16:29:50,8119115
675,patch-3.2.89,4026,404,1764,4141,8282,386,False,True,425,2017-06-06 16:42:35,8202111
676,patch-3.2.9,486,51,139,513,905,70,False,True,264,2012-03-01 08:44:03,651211
677,patch-3.2.90,4038,404,1767,4147,8284,386,False,True,425,2017-07-03 14:59:36,8250185
678,patch-3.2.91,4076,404,1769,4151,8308,386,False,True,425,2017-07-19 02:07:49,8338606
679,patch-3.2.92,4103,405,1776,4157,8328,386,False,True,425,2017-08-26 17:52:14,8391756
680,patch-3.2.93,4136,409,1796,4183,8397,386,False,True,425,2017-09-16 02:05:12,8484163
681,patch-3.2.94,4166,411,1827,4245,8566,414,False,True,425,2017-10-12 23:53:50,8571929
682,patch-3.2.95,4233,414,1845,4275,8626,414,False,True,425,2017-11-13 16:19:16,8702198
683,patch-3.2.96,4252,416,1850,4283,8642,414,False,True,425,2017-11-26 23:53:29,8765593
684,patch-3.2.97,4281,419,1865,4306,8704,416,False,True,425,2018-01-02 17:36:03,8856950
685,patch-3.2.98,4312,419,1865,4306,8704,416,False,True,425,2018-01-08 04:28:33,8952181
686,patch-3.2.99,4330,424,1886,4347,8766,416,False,True,443,2018-02-14 17:18:22,9049630
687,patch-3.3,10698,542,2609,13914,17477,1013,False,True,3069,2012-03-19 09:11:14,43973668
688,patch-3.3.1,227,29,70,160,271,4,False,False,64,2012-04-03 01:49:36,282462
689,patch-3.3.2,310,30,73,163,283,4,False,False,66,2012-04-14 00:55:58,378132
690,patch-3.3.3,365,36,97,242,357,4,False,False,115,2012-04-23 06:47:09,452825
691,patch-3.3.4,447,48,122,290,398,4,False,False,115,2012-04-28 01:46:22,538216
692,patch-3.3.5,529,59,146,307,487,4,False,False,115,2012-05-08 00:15:50,642752
693,patch-3.3.6,564,60,153,346,518,4,False,False,115,2012-05-13 01:23:53,697332
694,patch-3.3.7,600,63,161,371,550,4,False,False,117,2012-05-22 02:51:10,750651
695,patch-3.3.8,677,67,173,392,576,4,False,False,117,2012-06-05 02:32:27,883190
696,patch-3.4,11088,557,3526,12370,21052,1115,False,True,1276,2012-05-21 07:48:34,44304504
697,patch-3.4.1,91,1,6,16,14,0,False,False,30,2012-06-05 02:37:05,89814
698,patch-3.4.10,656,65,210,363,680,20,False,False,102,2012-08-27 07:48:01,890046
699,patch-3.4.100,2762,256,941,1923,3485,103,False,False,197,2014-07-28 23:25:08,5024838
700,patch-3.4.101,2769,257,942,1924,3486,103,False,False,197,2014-08-01 06:03:25,5033252
701,patch-3.4.102,2780,257,942,1924,3486,103,False,False,197,2014-08-08 05:47:46,5057975
702,patch-3.4.103,2793,257,942,1924,3486,103,False,False,197,2014-08-14 10:52:51,5082916
703,patch-3.4.104,2824,261,959,1951,3562,103,False,False,214,2014-09-25 16:04:29,5136130
704,patch-3.4.105,2852,264,983,1988,3640,103,False,False,228,2014-12-02 12:06:13,5215239
705,patch-3.4.106,2923,270,1023,2074,3809,110,False,False,254,2015-02-03 00:23:36,5402595
706,patch-3.4.107,3024,291,1130,2262,4165,117,False,False,254,2015-04-17 21:31:10,5637073
707,patch-3.4.108,3106,295,1154,2331,4351,124,False,False,254,2015-06-20 01:49:52,5801522
708,patch-3.4.109,3175,298,1189,2399,4501,125,False,False,254,2015-09-21 12:57:50,5946882
709,patch-3.4.11,717,74,237,455,850,21,False,False,105,2012-09-15 06:43:16,959539
710,patch-3.4.110,3206,300,1221,2426,4641,139,False,False,254,2015-10-22 10:16:15,6005748
711,patch-3.4.111,3240,304,1239,2616,4690,147,False,False,254,2016-03-21 21:58:18,6129690
712,patch-3.4.112,3284,315,1280,2678,4847,153,False,False,256,2016-04-28 00:02:45,6220076
713,patch-3.4.113,3322,319,1307,2764,5011,173,False,False,256,2016-10-27 02:08:02,6332115
714,patch-3.4.12,886,82,253,480,879,21,False,False,105,2012-10-03 01:42:49,1215584
715,patch-3.4.13,912,83,257,495,889,21,False,False,105,2012-10-07 23:42:53,1270410
716,patch-3.4.14,1001,87,287,607,991,26,False,False,105,2012-10-13 05:12:32,1385511
717,patch-3.4.15,1052,101,325,735,1133,26,False,False,105,2012-10-22 00:36:50,1459993
718,patch-3.4.16,1085,104,337,754,1195,26,False,False,105,2012-10-29 01:42:28,1515303
719,patch-3.4.17,1120,106,341,763,1207,27,False,False,105,2012-11-01 01:13:30,1576274
720,patch-3.4.18,1123,106,345,773,1216,27,False,False,105,2012-11-05 17:00:47,1583247
721,patch-3.4.19,1172,114,368,804,1270,33,False,False,109,2012-11-18 05:30:11,1669349
722,patch-3.4.2,180,19,39,79,124,0,False,False,57,2012-06-10 01:32:18,182295
723,patch-3.4.20,1226,126,436,912,1452,39,False,False,112,2012-11-27 04:15:38,1846178
724,patch-3.4.21,1266,128,441,931,1474,39,False,False,112,2012-12-04 04:30:11,1895749
725,patch-3.4.22,1266,128,441,931,1474,39,False,False,112,2012-12-06 10:51:02,1895982
726,patch-3.4.23,1280,130,450,943,1639,39,False,False,176,2012-12-11 03:09:49,1930293
727,patch-3.4.24,1291,130,450,943,1639,39,False,False,176,2012-12-18 02:45:31,1961620
728,patch-3.4.25,1345,135,471,966,1714,40,False,False,176,2013-01-12 08:08:07,2061992
729,patch-3.4.26,1428,146,510,1022,1849,40,False,False,176,2013-01-18 00:57:47,2254427
730,patch-3.4.27,1444,146,511,1022,1851,40,False,False,176,2013-01-22 03:57:07,2279506
731,patch-3.4.28,1460,146,511,1022,1851,40,False,False,176,2013-01-28 12:58:07,2305901
732,patch-3.4.29,1474,148,514,1023,1874,40,False,False,176,2013-02-04 11:32:32,2331949
733,patch-3.4.3,226,24,49,85,152,4,False,False,57,2012-06-18 02:34:30,238215
734,patch-3.4.30,1487,148,515,1024,1878,40,False,False,176,2013-02-12 01:46:50,2361518
735,patch-3.4.31,1507,148,515,1024,1878,40,False,False,176,2013-02-15 03:13:19,2415862
736,patch-3.4.32,1512,148,515,1024,1878,40,False,False,176,2013-02-18 03:03:04,2421085
737,patch-3.4.33,1514,148,515,1024,1878,40,False,False,176,2013-02-22 02:12:34,2422465
738,patch-3.4.34,1580,152,523,1029,1888,40,False,False,177,2013-02-28 23:05:50,2522995
739,patch-3.4.35,1608,159,543,1053,1945,41,False,False,177,2013-03-04 06:32:35,2563738
740,patch-3.4.36,1636,163,550,1068,1974,41,False,False,177,2013-03-15 02:47:02,2598842
741,patch-3.4.37,1660,164,554,1071,1985,41,False,False,177,2013-03-21 04:08:31,2615745
742,patch-3.4.38,1697,168,571,1142,2016,41,False,False,177,2013-03-29 03:21:08,2695935
743,patch-3.4.39,1744,173,599,1175,2150,41,False,False,177,2013-04-06 01:24:30,2791239
744,patch-3.4.4,274,27,55,90,163,4,False,False,57,2012-06-23 02:47:10,296052
745,patch-3.4.40,1764,175,602,1183,2158,41,False,False,177,2013-04-13 01:11:05,2815009
746,patch-3.4.41,1775,176,599,1166,2121,35,False,False,177,2013-04-17 13:41:41,2830388
747,patch-3.4.42,1798,177,607,1173,2164,35,False,False,177,2013-04-26 12:25:38,2864976
748,patch-3.4.43,1815,177,608,1174,2165,35,False,False,177,2013-05-02 00:48:15,2900132
749,patch-3.4.44,1849,180,628,1233,2240,36,False,False,177,2013-05-08 12:14:07,2947037
750,patch-3.4.45,1858,181,630,1242,2244,36,False,False,177,2013-05-12 05:03:41,2972914
751,patch-3.4.46,1892,182,636,1255,2272,40,False,False,177,2013-05-20 02:06:09,3029094
752,patch-3.4.47,1896,183,638,1260,2277,40,False,False,177,2013-05-25 02:21:12,3033548
753,patch-3.4.48,1920,190,652,1286,2356,40,False,False,177,2013-06-08 04:03:03,3066879
754,patch-3.4.49,1938,190,652,1286,2356,40,False,False,177,2013-06-14 00:56:09,3098678
755,patch-3.4.5,452,44,131,224,403,4,False,False,102,2012-07-17 02:33:53,539045
756,patch-3.4.50,1955,192,661,1350,2459,49,False,False,177,2013-06-21 03:13:46,3139905
757,patch-3.4.51,1966,192,662,1352,2463,49,False,False,177,2013-06-28 02:33:10,3164167
758,patch-3.4.52,1970,192,670,1374,2511,49,False,False,177,2013-07-04 02:19:00,3185646
759,patch-3.4.53,1976,194,673,1377,2521,49,False,False,177,2013-07-14 02:51:26,3190144
760,patch-3.4.54,1984,197,686,1401,2559,49,False,False,177,2013-07-22 09:24:23,3205578
761,patch-3.4.55,2010,198,691,1403,2573,49,False,False,177,2013-07-29 07:51:26,3251322
762,patch-3.4.56,2027,199,698,1418,2596,52,False,False,177,2013-08-04 17:25:18,3295163
763,patch-3.4.57,2035,200,699,1418,2597,52,False,False,177,2013-08-12 10:02:30,3316296
764,patch-3.4.58,2042,202,705,1475,2630,52,False,False,177,2013-08-15 14:07:14,3329634
765,patch-3.4.59,2061,203,708,1483,2638,52,False,False,177,2013-08-20 23:28:22,3358387
766,patch-3.4.6,480,47,138,239,421,4,False,False,102,2012-07-20 03:27:30,586432
767,patch-3.4.60,2066,204,710,1486,2640,52,False,False,177,2013-08-30 01:58:32,3377139
768,patch-3.4.61,2076,206,717,1499,2678,52,False,False,177,2013-09-08 13:32:56,3389626
769,patch-3.4.62,2084,206,717,1499,2678,52,False,False,177,2013-09-14 21:58:27,3402984
770,patch-3.4.63,2102,207,725,1512,2687,52,False,False,177,2013-09-27 08:21:05,3436321
771,patch-3.4.64,2106,207,725,1512,2693,52,False,False,177,2013-10-02 00:22:27,3448260
772,patch-3.4.65,2112,207,725,1512,2693,52,False,False,177,2013-10-05 22:11:40,3463269
773,patch-3.4.66,2149,208,729,1520,2702,52,False,False,177,2013-10-14 07:08:50,3511023
774,patch-3.4.67,2154,209,731,1521,2705,52,False,False,177,2013-10-22 19:17:18,3520289
775,patch-3.4.68,2168,212,744,1569,2834,80,False,False,177,2013-11-04 20:35:43,3574601
776,patch-3.4.69,2181,213,746,1571,2835,80,False,False,177,2013-11-13 11:05:00,3607282
777,patch-3.4.7,495,51,159,284,524,17,False,False,102,2012-07-29 23:18:24,610989
778,patch-3.4.70,2184,213,746,1571,2835,80,False,False,177,2013-11-21 02:48:33,3600488
779,patch-3.4.71,2208,218,779,1672,2871,87,False,False,177,2013-11-30 03:10:51,3670934
780,patch-3.4.72,2244,219,780,1672,2873,87,False,False,177,2013-12-05 03:49:36,3699783
781,patch-3.4.73,2267,219,779,1672,2872,87,False,False,177,2013-12-09 01:17:59,3776537
782,patch-3.4.74,2282,219,780,1674,2880,87,False,False,177,2013-12-12 14:46:24,3792837
783,patch-3.4.75,2300,223,784,1678,2889,87,False,False,177,2013-12-20 23:59:31,3823169
784,patch-3.4.76,2316,225,796,1689,2972,87,False,False,177,2014-01-09 01:47:49,3858623
785,patch-3.4.77,2325,225,796,1689,2972,87,False,False,177,2014-01-16 07:37:19,3880511
786,patch-3.4.78,2330,225,797,1693,2978,87,False,False,177,2014-01-29 21:14:47,3893521
787,patch-3.4.79,2340,225,797,1694,2979,87,False,False,177,2014-02-07 03:51:03,3926906
788,patch-3.4.8,590,59,197,352,660,19,False,False,102,2012-08-09 23:43:56,755906
789,patch-3.4.80,2350,226,810,1728,3043,87,False,False,177,2014-02-14 06:05:42,3957057
790,patch-3.4.81,2365,227,814,1733,3058,87,False,False,177,2014-02-21 03:14:15,3992287
791,patch-3.4.82,2377,228,817,1734,3067,87,False,False,177,2014-02-23 03:02:38,4009193
792,patch-3.4.83,2435,237,867,1790,3235,96,False,False,180,2014-03-12 07:27:47,4134488
793,patch-3.4.84,2458,241,875,1812,3266,96,False,False,180,2014-03-24 12:45:23,4164523
794,patch-3.4.85,2465,241,875,1812,3266,96,False,False,180,2014-03-31 12:48:18,4176137
795,patch-3.4.86,2492,241,877,1818,3275,96,False,False,180,2014-04-04 06:12:41,4259605
796,patch-3.4.87,2567,242,878,1819,3276,96,False,False,180,2014-04-15 02:58:03,4420569
797,patch-3.4.88,2574,244,883,1826,3289,96,False,False,180,2014-04-27 08:20:19,4435258
798,patch-3.4.89,2597,248,897,1840,3328,96,False,False,180,2014-05-06 22:57:15,4473918
799,patch-3.4.9,640,63,206,361,675,20,False,False,102,2012-08-15 23:24:45,835251
800,patch-3.4.90,2611,248,898,1844,3331,96,False,False,180,2014-05-13 20:15:22,4515262
801,patch-3.4.91,2621,248,898,1844,3331,96,False,False,180,2014-05-18 20:31:17,4532935
802,patch-3.4.92,2687,254,920,1883,3439,103,False,False,197,2014-06-08 07:07:12,4753332
803,patch-3.4.93,2699,254,928,1899,3456,103,False,False,197,2014-06-12 03:33:40,4822162
804,patch-3.4.94,2707,254,928,1899,3456,103,False,False,197,2014-06-17 04:51:56,4830178
805,patch-3.4.95,2721,254,928,1899,3456,103,False,False,197,2014-06-27 12:12:41,4883884
806,patch-3.4.96,2728,255,933,1904,3463,103,False,False,197,2014-07-01 11:10:39,4920232
807,patch-3.4.97,2737,256,935,1907,3465,103,False,False,197,2014-07-07 09:55:00,4935390
808,patch-3.4.98,2749,256,939,1920,3481,103,False,False,197,2014-07-10 02:25:13,4976125
809,patch-3.4.99,2756,256,941,1923,3485,103,False,False,197,2014-07-18 07:23:07,4998441
810,patch-3.5,9634,491,3110,11594,25227,1486,False,True,909,2012-07-22 06:00:16,44258913
811,patch-3.6-rc4,8052,498,3085,10931,27652,1594,False,True,4572,2012-09-02 03:32:20,35639457
812,patch-3.7,15889,482,2657,9736,18682,857,False,True,1236,2012-12-11 11:43:25,98560365
813,patch-3.8,11706,449,2288,8554,29684,1543,False,True,1760,2013-02-19 08:03:29,44325678
814,patch-3.9,11121,577,2725,7243,11804,463,False,True,970,2013-04-29 08:40:38,43414707
815,patch-4.0,9489,422,2035,7418,16278,844,False,True,1533,2015-04-13 06:43:08,35365549
816,patch-4.1,10103,617,3244,8511,15297,923,False,True,792,2015-06-22 13:17:34,34671510
817,patch-4.10,11727,539,3634,17128,13988,472,False,True,1727,2017-02-20 07:01:44,51105016
818,patch-4.11,12506,487,3146,7810,12918,397,False,True,1017,2017-05-01 10:52:20,40516862
819,patch-4.12,12396,410,2013,9599,12727,698,False,True,1191,2017-07-03 07:25:55,89754304
820,patch-4.13,10734,474,2798,8314,14485,419,False,True,1515,2017-09-04 05:10:18,69935655
821,patch-4.14,23171,820,2893,6394,11400,594,False,True,872,2017-11-13 03:41:43,51435379
822,patch-4.15,13199,532,2916,13322,24875,1953,False,True,1025,2018-01-29 05:24:38,46187568
823,patch-4.16,12060,500,2413,6915,16287,1044,False,True,2612,2018-04-02 05:48:38,48428671
824,patch-4.2,10929,437,2324,8876,16706,840,False,True,833,2015-08-31 02:43:58,66115686
825,patch-4.3,10385,378,1755,18139,9636,422,False,True,1888,2015-11-02 08:23:34,43306756
826,patch-4.4,10610,417,2053,6309,9912,482,False,True,716,2016-01-11 07:15:02,50910357
827,patch-4.5,11592,547,2868,7776,15320,544,False,True,1605,2016-03-14 12:38:50,74131691
828,patch-4.6,10064,528,3206,10371,24316,1634,False,True,1772,2016-05-16 06:53:21,38944516
829,patch-4.7,9790,527,2638,9773,12786,571,False,True,853,2016-07-25 04:00:42,36564944
830,patch-4.8,11363,578,3322,11523,18301,1224,False,True,1399,2016-10-03 07:41:42,42097105
831,patch-4.9,11179,579,2936,9716,21007,1730,False,True,1698,2016-12-12 04:11:39,45287567