,0
0,2.6.0
1,2.6.1
2,2.6.2
3,2.6.3
4,2.6.4
5,2.6.5
6,2.6.6
7,2.6.7
8,2.6.8
9,2.6.9
10,2.6.10
11,2.6.11
12,2.6.11.1
13,2.6.11.2
14,2.6.11.3
15,2.6.11.4
16,2.6.11.5
17,2.6.11.6
18,2.6.11.7
19,2.6.11.8
20,2.6.11.9
21,2.6.11.10
22,2.6.11.11
23,2.6.11.12
24,2.6.12.1
25,2.6.12.2
26,2.6.12.3
27,2.6.12.4
28,2.6.12.5
29,2.6.12.6
30,2.6.13.1
31,3.0.5
32,3.0.6
33,3.0.7
34,3.0.8
35,3.0.9
36,3.0.10
37,3.0.11
38,3.0.12
39,3.0.13
40,3.0.14
41,3.0.15
42,3.0.16
43,3.0.17
44,3.0.18
45,3.0.19
46,3.0.20
47,3.0.21
48,3.0.22
49,3.0.23
50,3.0.24
51,3.0.25
52,3.0.26
53,3.0.27
54,3.0.28
55,3.0.29
56,3.0.30
57,3.0.31
58,3.0.32
59,3.0.33
60,3.0.34
61,3.0.35
62,3.0.36
63,3.0.37
64,3.0.38
65,3.0.39
66,3.0.40
67,3.0.41
68,3.0.42
69,3.0.43
70,3.0.44
71,3.0.45
72,3.0.46
73,3.0.47
74,3.0.48
75,3.0.49
76,3.0.50
77,3.0.51
78,3.0.52
79,3.0.53
80,3.0.54
81,3.0.55
82,3.0.56
83,3.0.57
84,3.0.58
85,3.0.59
86,3.0.60
87,3.0.61
88,3.0.62
89,3.0.63
90,3.0.64
91,3.0.65
92,3.0.66
93,3.0.67
94,3.0.68
95,3.0.69
96,3.0.70
97,3.0.71
98,3.0.72
99,3.0.73
100,3.0.74
101,3.0.75
102,3.0.76
103,3.0.77
104,3.0.78
105,3.0.79
106,3.0.80
107,3.0.81
108,3.0.82
109,3.0.83
110,3.0.84
111,3.0.85
112,3.0.86
113,3.0.87
114,3.0.88
115,3.0.89
116,3.0.90
117,3.0.91
118,3.0.92
119,3.0.93
120,3.0.94
121,3.0.95
122,3.0.96
123,3.0.97
124,3.0.98
125,3.0.99
126,3.0.100
127,3.0.101
128,3.1.1
129,3.1.2
130,3.1.3
131,3.1.4
132,3.1.5
133,3.1.6
134,3.1.7
135,3.1.8
136,3.1.9
137,3.1.10
138,3.2.1
139,3.2.2
140,3.2.3
141,3.2.4
142,3.2.5
143,3.2.6
144,3.2.7
145,3.2.8
146,3.2.9
147,3.2.10
148,3.2.11
149,3.2.12
150,3.2.13
151,3.2.14
152,3.2.15
153,3.2.16
154,3.2.17
155,3.2.18
156,3.2.19
157,3.2.20
158,3.2.21
159,3.2.22
160,3.2.23
161,3.2.24
162,3.2.25
163,3.2.26
164,3.2.27
165,3.2.28
166,3.2.29
167,3.2.30
168,3.2.31
169,3.2.32
170,3.2.33
171,3.2.34
172,3.2.35
173,3.2.36
174,3.2.37
175,3.2.38
176,3.2.39
177,3.2.40
178,3.2.41
179,3.2.42
180,3.2.43
181,3.2.44
182,3.2.45
183,3.2.46
184,3.2.47
185,3.2.48
186,3.2.49
187,3.2.50
188,3.2.51
189,3.2.52
190,3.2.53
191,3.2.54
192,3.2.55
193,3.2.56
194,3.2.57
195,3.2.58
196,3.2.59
197,3.2.60
198,3.2.61
199,3.2.62
200,3.2.63
201,3.2.64
202,3.2.65
203,3.2.66
204,3.2.67
205,3.2.68
206,3.2.69
207,3.2.70
208,3.2.71
209,3.2.72
210,3.2.73
211,3.2.74
212,3.2.75
213,3.2.76
214,3.2.77
215,3.2.78
216,3.2.79
217,3.2.80
218,3.2.81
219,3.2.82
220,3.2.83
221,3.2.84
222,3.2.85
223,3.2.86
224,3.2.87
225,3.2.88
226,3.2.89
227,3.2.90
228,3.2.91
229,3.2.92
230,3.2.93
231,3.2.94
232,3.2.95
233,3.2.96
234,3.2.97
235,3.2.98
236,3.2.99
237,3.2.100
238,3.2.101
239,3.3
240,3.3.1
241,3.3.2
242,3.3.3
243,3.3.4
244,3.3.5
245,3.3.6
246,3.3.7
247,3.3.8
248,3.4
249,3.4.1
250,3.4.2
251,3.4.3
252,3.4.4
253,3.4.5
254,3.4.6
255,3.4.7
256,3.4.8
257,3.4.9
258,3.4.10
259,3.4.11
260,3.4.12
261,3.4.13
262,3.4.14
263,3.4.15
264,3.4.16
265,3.4.17
266,3.4.18
267,3.4.19
268,3.4.20
269,3.4.21
270,3.4.22
271,3.4.23
272,3.4.24
273,3.4.25
274,3.4.26
275,3.4.27
276,3.4.28
277,3.4.29
278,3.4.30
279,3.4.31
280,3.4.32
281,3.4.33
282,3.4.34
283,3.4.35
284,3.4.36
285,3.4.37
286,3.4.38
287,3.4.39
288,3.4.40
289,3.4.41
290,3.4.42
291,3.4.43
292,3.4.44
293,3.4.45
294,3.4.46
295,3.4.47
296,3.4.48
297,3.4.49
298,3.4.50
299,3.4.51
300,3.4.52
301,3.4.53
302,3.4.54
303,3.4.55
304,3.4.56
305,3.4.57
306,3.4.58
307,3.4.59
308,3.4.60
309,3.4.61
310,3.4.62
311,3.4.63
312,3.4.64
313,3.4.65
314,3.4.66
315,3.4.67
316,3.4.68
317,3.4.69
318,3.4.70
319,3.4.71
320,3.4.72
321,3.4.73
322,3.4.74
323,3.4.75
324,3.4.76
325,3.4.77
326,3.4.78
327,3.4.79
328,3.4.80
329,3.4.81
330,3.4.82
331,3.4.83
332,3.4.84
333,3.4.85
334,3.4.86
335,3.4.87
336,3.4.88
337,3.4.89
338,3.4.90
339,3.4.91
340,3.4.92
341,3.4.93
342,3.4.94
343,3.4.95
344,3.4.96
345,3.4.97
346,3.4.98
347,3.4.99
348,3.4.100
349,3.4.101
350,3.4.102
351,3.4.103
352,3.4.104
353,3.4.105
354,3.4.106
355,3.4.107
356,3.4.108
357,3.4.109
358,3.4.110
359,3.4.111
360,3.4.112
361,3.4.113
362,3.5
363,3.6
364,3.7
365,3.8
366,3.9
367,3.10.1
368,3.10.2
369,3.10.3
370,3.10.4
371,3.10.5
372,3.10.6
373,3.10.7
374,3.10.8
375,3.10.9
376,3.10.10
377,3.10.11
378,3.10.12
379,3.10.13
380,3.10.14
381,3.10.15
382,3.10.16
383,3.10.17
384,3.10.18
385,3.10.19
386,3.10.20
387,3.10.21
388,3.10.22
389,3.10.23
390,3.10.24
391,3.10.25
392,3.10.26
393,3.10.27
394,3.10.28
395,3.10.29
396,3.10.30
397,3.10.31
398,3.10.32
399,3.10.33
400,3.10.34
401,3.10.35
402,3.10.36
403,3.10.37
404,3.10.38
405,3.10.39
406,3.10.40
407,3.10.41
408,3.10.42
409,3.10.43
410,3.10.44
411,3.10.45
412,3.10.46
413,3.10.47
414,3.10.48
415,3.10.49
416,3.10.50
417,3.10.51
418,3.10.52
419,3.10.53
420,3.10.54
421,3.10.55
422,3.10.56
423,3.10.57
424,3.10.58
425,3.10.59
426,3.10.60
427,3.10.61
428,3.10.62
429,3.10.63
430,3.10.64
431,3.10.65
432,3.10.66
433,3.10.67
434,3.10.68
435,3.10.69
436,3.10.70
437,3.10.71
438,3.10.72
439,3.10.73
440,3.10.74
441,3.10.75
442,3.10.76
443,3.10.77
444,3.10.78
445,3.10.79
446,3.10.80
447,3.10.81
448,3.10.82
449,3.10.83
450,3.10.84
451,3.10.85
452,3.10.86
453,3.10.87
454,3.10.88
455,3.10.89
456,3.10.90
457,3.10.91
458,3.10.92
459,3.10.93
460,3.10.94
461,3.10.95
462,3.10.96
463,3.10.97
464,3.10.98
465,3.10.99
466,3.10.100
467,3.10.101
468,3.10.102
469,3.10.103
470,3.10.104
471,3.10.105
472,3.10.106
473,3.10.107
474,3.10.108
475,3.11.1
476,3.11.2
477,3.11.3
478,3.11.4
479,3.11.5
480,3.11.6
481,3.11.7
482,3.11.8
483,3.11.9
484,3.11.10
485,3.12.1
486,3.12.2
487,3.12.3
488,3.12.4
489,3.12.5
490,3.12.6
491,3.12.7
492,3.12.8
493,3.12.9
494,3.12.10
495,3.12.11
496,3.12.12
497,3.12.13
498,3.12.14
499,3.12.15
500,3.12.16
501,3.12.17
502,3.12.18
503,3.12.19
504,3.12.20
505,3.12.21
506,3.12.22
507,3.12.23
508,3.12.24
509,3.12.25
510,3.12.26
511,3.12.27
512,3.12.28
513,3.12.29
514,3.12.30
515,3.12.31
516,3.12.32
517,3.12.33
518,3.12.34
519,3.12.35
520,3.12.36
521,3.12.37
522,3.12.38
523,3.12.39
524,3.12.40
525,3.12.41
526,3.12.42
527,3.12.43
528,3.12.44
529,3.12.45
530,3.12.46
531,3.12.47
532,3.12.48
533,3.12.49
534,3.12.50
535,3.12.51
536,3.12.52
537,3.12.53
538,3.12.54
539,3.12.55
540,3.12.56
541,3.12.57
542,3.12.58
543,3.12.59
544,3.12.60
545,3.12.61
546,3.12.62
547,3.12.63
548,3.12.64
549,3.12.65
550,3.12.66
551,3.12.67
552,3.12.68
553,3.12.69
554,3.12.70
555,3.12.71
556,3.12.72
557,3.12.73
558,3.12.74
559,3.13
560,3.13.1
561,3.13.2
562,3.13.3
563,3.13.4
564,3.13.5
565,3.13.6
566,3.13.7
567,3.13.8
568,3.13.9
569,3.13.10
570,3.13.11
571,3.14.1
572,3.14.2
573,3.14.3
574,3.14.4
575,3.14.5
576,3.14.6
577,3.14.7
578,3.14.8
579,3.14.9
580,3.14.10
581,3.14.11
582,3.14.12
583,3.14.13
584,3.14.14
585,3.14.15
586,3.14.16
587,3.14.17
588,3.14.18
589,3.14.19
590,3.14.20
591,3.14.21
592,3.14.22
593,3.14.23
594,3.14.24
595,3.14.25
596,3.14.26
597,3.14.27
598,3.14.28
599,3.14.29
600,3.14.30
601,3.14.31
602,3.14.32
603,3.14.33
604,3.14.34
605,3.14.35
606,3.14.36
607,3.14.37
608,3.14.38
609,3.14.39
610,3.14.40
611,3.14.41
612,3.14.42
613,3.14.43
614,3.14.44
615,3.14.45
616,3.14.46
617,3.14.47
618,3.14.48
619,3.14.49
620,3.14.50
621,3.14.51
622,3.14.52
623,3.14.53
624,3.14.54
625,3.14.55
626,3.14.56
627,3.14.57
628,3.14.58
629,3.14.59
630,3.14.60
631,3.14.61
632,3.14.62
633,3.14.63
634,3.14.64
635,3.14.65
636,3.14.66
637,3.14.67
638,3.14.68
639,3.14.69
640,3.14.70
641,3.14.71
642,3.14.72
643,3.14.73
644,3.14.74
645,3.14.75
646,3.14.76
647,3.14.77
648,3.14.78
649,3.14.79
650,3.15.1
651,3.15.2
652,3.15.3
653,3.15.4
654,3.15.5
655,3.15.6
656,3.15.7
657,3.15.8
658,3.15.9
659,3.15.10
660,3.16.1
661,3.16.2
662,3.16.3
663,3.16.4
664,3.16.5
665,3.16.6
666,3.16.35
667,3.16.36
668,3.16.37
669,3.16.38
670,3.16.39
671,3.16.40
672,3.16.41
673,3.16.42
674,3.16.43
675,3.16.44
676,3.16.45
677,3.16.46
678,3.16.47
679,3.16.48
680,3.16.49
681,3.16.50
682,3.16.51
683,3.16.52
684,3.16.53
685,3.16.54
686,3.16.55
687,3.16.56
688,3.17
689,3.17.1
690,3.17.2
691,3.17.3
692,3.17.4
693,3.17.5
694,3.17.6
695,3.17.7
696,3.17.8
697,3.18.1
698,3.18.2
699,3.18.3
700,3.18.4
701,3.18.5
702,3.18.6
703,3.18.7
704,3.18.8
705,3.18.9
706,3.18.10
707,3.18.11
708,3.18.12
709,3.18.13
710,3.18.14
711,3.18.15
712,3.18.16
713,3.18.17
714,3.18.18
715,3.18.19
716,3.18.20
717,3.18.21
718,3.18.22
719,3.18.23
720,3.18.24
721,3.18.25
722,3.18.26
723,3.18.27
724,3.18.28
725,3.18.29
726,3.18.30
727,3.18.31
728,3.18.32
729,3.18.33
730,3.18.34
731,3.18.35
732,3.18.36
733,3.18.37
734,3.18.38
735,3.18.39
736,3.18.40
737,3.18.41
738,3.18.42
739,3.18.43
740,3.18.44
741,3.18.45
742,3.18.46
743,3.18.47
744,3.18.48
745,3.18.49
746,3.18.50
747,3.18.51
748,3.18.52
749,3.18.53
750,3.18.54
751,3.18.55
752,3.18.56
753,3.18.57
754,3.18.58
755,3.18.59
756,3.18.60
757,3.18.61
758,3.18.62
759,3.18.63
760,3.18.64
761,3.18.65
762,3.18.66
763,3.18.67
764,3.18.68
765,3.18.69
766,3.18.70
767,3.18.71
768,3.18.72
769,3.18.73
770,3.18.74
771,3.18.75
772,3.18.76
773,3.18.77
774,3.18.78
775,3.18.79
776,3.18.80
777,3.18.81
778,3.18.82
779,3.18.83
780,3.18.84
781,3.18.85
782,3.18.86
783,3.18.87
784,3.18.88
785,3.18.89
786,3.18.90
787,3.18.91
788,3.18.92
789,3.18.93
790,3.18.94
791,3.18.95
792,3.18.96
793,3.18.97
794,3.18.98
795,3.18.99
796,3.18.100
797,3.18.101
798,3.18.102
799,3.18.103
800,3.18.104
801,3.18.105
802,3.18.106
803,3.18.107
804,3.18.108
805,3.18.109
806,3.19
807,3.19.1
808,3.19.2
809,3.19.3
810,3.19.4
811,3.19.5
812,3.19.6
813,3.19.7
814,3.19.8
815,4.0
816,4.1
817,4.2
818,4.3
819,4.4
820,4.5
821,4.6
822,4.7
823,4.8
824,4.9
825,4.10
826,4.11
827,4.12
828,4.13
829,4.14
830,4.15
831,4.16
